name,all_snps,apobec_snps,non_apobec_snps,date,year,precision,omit
OP133004|hMPXV/Austria/MUW1533374/2022|Austria|2022-07-11,14,9,5,2022-07-11,2022.523288,day,FALSE
OP184762|MpxV/human/USA/UW-WA-0059/2022|USA|2022-07,16,13,3,2022-07-16,2022.536986,month,FALSE
OP204857|MPXV-ROK-P1-2022|South_Korea|2022-08,15,10,5,2022-08-16,2022.621918,month,FALSE
OP013005|MpxV/human/CAN/UN-NML-3519/2022|Canada|2022-06-06,18,14,4,2022-06-06,2022.427397,day,FALSE
ON813260|MPXV/Germany/2022/RKI056|Germany|2022-06,13,10,3,2022-06-16,2022.454795,month,FALSE
ON929064|MPXV/Germany/2022/RKI106|Germany|2022-07,15,11,4,2022-07-16,2022.536986,month,FALSE
ON959177|MPXV/Germany/2022/RKI164|Germany|2022-07,14,10,4,2022-07-16,2022.536986,month,FALSE
OP018600|MPXV/Germany/2022/RKI175|Germany|2022-07,14,10,4,2022-07-16,2022.536986,month,FALSE
OP215215|MPXV/Germany/2022/RKI213|Germany|2022-08,18,12,6,2022-08-16,2022.621918,month,FALSE
OP215216|MPXV/Germany/2022/RKI217|Germany|2022-08,14,10,4,2022-08-16,2022.621918,month,FALSE
OP215232|MPXV/Germany/2022/RKI190|Germany|2022-08,14,10,4,2022-08-16,2022.621918,month,FALSE
ON959135|MPXV_USA_2022_NY004|USA|2022-05,15,12,3,2022-05-16,2022.369863,month,FALSE
OP245353|MPX/PT0120/2022|Portugal|2022-07-13,12,9,3,2022-07-13,2022.528767,day,FALSE
ON803418|MpxV/human/CAN/UN-NML-2837/2022|Canada|2022-05-18,13,9,4,2022-05-18,2022.375342,day,FALSE
OP257250|MpxV/human/USA/UW-WA-0076/2022|USA|2022-08,18,14,4,2022-08-16,2022.621918,month,FALSE
OP257259|MpxV/human/USA/UW-WA-0090/2022|USA|2022-08,18,14,4,2022-08-16,2022.621918,month,FALSE
OP245315|MPX/PT0061/2022|Portugal|2022-08-01,18,13,5,2022-08-01,2022.580822,day,FALSE
ON929086|MPXV/Germany/2022/RKI131|Germany|2022-07,12,9,3,2022-07-16,2022.536986,month,FALSE
ON563414|MPXV_USA_2022_MA001|USA|2022-05,11,8,3,2022-05-16,2022.369863,month,FALSE
ON568298|MPXV-BY-IMB25241|Germany|2022-05-19,12,9,3,2022-05-19,2022.378082,day,FALSE
ON585029|Monkeypox/PT0001/2022|Portugal|2022-05-04,9,7,2,2022-05-04,2022.336986,day,FALSE
ON585030|Monkeypox/PT0002/2022|Portugal|2022-05-15,11,8,3,2022-05-15,2022.367123,day,FALSE
ON585031|Monkeypox/PT0003/2022|Portugal|2022-05-15,11,8,3,2022-05-15,2022.367123,day,FALSE
ON585032|Monkeypox/PT0004/2022|Portugal|2022-05-17,11,8,3,2022-05-17,2022.372603,day,FALSE
ON585033|Monkeypox/PT0006/2022|Portugal|2022-05-15,12,9,3,2022-05-15,2022.367123,day,FALSE
ON585034|Monkeypox/PT0007/2022|Portugal|2022-05-15,11,8,3,2022-05-15,2022.367123,day,FALSE
ON585035|Monkeypox/PT0009/2022|Portugal|2022-05-15,11,8,3,2022-05-15,2022.367123,day,FALSE
ON585036|Monkeypox/PT0010/2022|Portugal|2022-05-15,13,10,3,2022-05-15,2022.367123,day,FALSE
ON585037|Monkeypox/PT0005/2022|Portugal|2022-05-15,14,11,3,2022-05-15,2022.367123,day,FALSE
ON585038|Monkeypox/PT0008/2022|Portugal|2022-05-15,14,11,3,2022-05-15,2022.367123,day,FALSE
ON595760|MPXV-CH-38134631/2022|Switzerland|2022-05-19,11,8,3,2022-05-19,2022.378082,day,FALSE
ON609725|SLO|Slovenia|2022-05-23,15,12,3,2022-05-23,2022.389041,day,FALSE
ON614676|INMI-Pt1|Italy|2022-05-18,11,8,3,2022-05-18,2022.375342,day,FALSE
ON615424|MPXV_2022_NL001|Netherlands|2022-05,13,10,3,2022-05-16,2022.369863,month,FALSE
ON619835|MPXV_UK_2022_1|United_Kingdom|2022-05,11,8,3,2022-05-16,2022.369863,month,FALSE
ON619836|MPXV_UK_2022_2|United_Kingdom|2022-05,13,10,3,2022-05-16,2022.369863,month,FALSE
ON619837|MPXV_UK_2022_3|United_Kingdom|2022-05,13,9,4,2022-05-16,2022.369863,month,FALSE
ON619838|MPXV_UK_2022_4|United_Kingdom|2022-05,13,10,3,2022-05-16,2022.369863,month,FALSE
ON622712|MPX/UZ_REGA_1/Belgium/2022|Belgium|2022-05-19,12,9,3,2022-05-19,2022.378082,day,FALSE
ON622713|MPX/UZ_REGA_2/Belgium/2022|Belgium|2022-05-22,12,9,3,2022-05-22,2022.386301,day,FALSE
ON622718|MPXV/ES0001/HUGTiP/2022|Spain|2022-05-20,15,10,5,2022-05-20,2022.380822,day,FALSE
ON622720|MPXV-CH-38156923/2022|Switzerland|2022-05-24,11,8,3,2022-05-24,2022.391781,day,FALSE
ON622722|MPXV_FR_HCL0001_2022|France|2022-05-22,15,11,4,2022-05-22,2022.386301,day,FALSE
ON627808|MPX/human/USA/UT-UPHL-82200022/2022|USA|2022-05-20,11,8,3,2022-05-20,2022.380822,day,FALSE
ON631241|2022/2_SLO|Slovenia|2022-05-24,11,8,3,2022-05-24,2022.391781,day,FALSE
ON631963|MPxV/VIDRL01/2022|Australia|2022-05,12,9,3,2022-05-16,2022.369863,month,FALSE
ON637938|MPXV/Germany/2022/RKI01|Germany|2022-05,13,9,4,2022-05-16,2022.369863,month,FALSE
ON637939|MPXV/Germany/2022/RKI02|Germany|2022-05,13,10,3,2022-05-16,2022.369863,month,FALSE
ON644344|MPXV_FVG-ITA_01_2022|Italy|2022-05-25,11,8,3,2022-05-25,2022.394521,day,FALSE
ON645312|MPXV_GSTT_Patient1|United_Kingdom|2022-05-11,12,8,4,2022-05-11,2022.356164,day,FALSE
ON649708|Monkeypox/PT0023/2022|Portugal|2022-05-19,11,8,3,2022-05-19,2022.378082,day,FALSE
ON649709|Monkeypox/PT0028/2022|Portugal|2022-05-18,11,8,3,2022-05-18,2022.375342,day,FALSE
ON649710|Monkeypox/PT0027/2022|Portugal|2022-05-18,11,8,3,2022-05-18,2022.375342,day,FALSE
ON649711|Monkeypox/PT0026/2022|Portugal|2022-05-18,11,8,3,2022-05-18,2022.375342,day,FALSE
ON649712|Monkeypox/PT0025/2022|Portugal|2022-05-19,11,8,3,2022-05-19,2022.378082,day,FALSE
ON649713|Monkeypox/PT0020/2022|Portugal|2022-05-19,14,11,3,2022-05-19,2022.378082,day,FALSE
ON649714|Monkeypox/PT0015/2022|Portugal|2022-05-20,13,10,3,2022-05-20,2022.380822,day,FALSE
ON649715|Monkeypox/PT0017/2022|Portugal|2022-05-20,12,8,4,2022-05-20,2022.380822,day,FALSE
ON649716|Monkeypox/PT0016/2022|Portugal|2022-05-23,12,9,3,2022-05-23,2022.389041,day,FALSE
ON649717|Monkeypox/PT0019/2022|Portugal|2022-05-21,12,9,3,2022-05-21,2022.383562,day,FALSE
ON649718|Monkeypox/PT0018/2022|Portugal|2022-05-20,11,8,3,2022-05-20,2022.380822,day,FALSE
ON649719|Monkeypox/PT0012/2022|Portugal|2022-05-23,11,8,3,2022-05-23,2022.389041,day,FALSE
ON649720|Monkeypox/PT0024/2022|Portugal|2022-05-19,11,8,3,2022-05-19,2022.378082,day,FALSE
ON649721|Monkeypox/PT0021/2022|Portugal|2022-05-19,11,8,3,2022-05-19,2022.378082,day,FALSE
ON649722|Monkeypox/PT0022/2022|Portugal|2022-05-19,11,8,3,2022-05-19,2022.378082,day,FALSE
ON649723|Monkeypox/PT0013/2022|Portugal|2022-05-20,11,8,3,2022-05-20,2022.380822,day,FALSE
ON649724|Monkeypox/PT0014/2022|Portugal|2022-05-23,11,8,3,2022-05-23,2022.389041,day,FALSE
ON649725|Monkeypox/PT0011/2022|Portugal|2022-05-23,11,8,3,2022-05-23,2022.389041,day,FALSE
ON649879|MPXV_ISR001_2022|Israel|2022-05-20,11,8,3,2022-05-20,2022.380822,day,FALSE
ON676703|MPXV_USA_2022_CA001|USA|2022-05,11,8,3,2022-05-16,2022.369863,month,FALSE
ON676704|MPXV_USA_2022_FL002|USA|2022-05,13,10,3,2022-05-16,2022.369863,month,FALSE
ON676705|MPXV_USA_2022_UT001|USA|2022-05,12,9,3,2022-05-16,2022.369863,month,FALSE
ON676706|MPXV_USA_2022_UT002|USA|2022-05,11,8,3,2022-05-16,2022.369863,month,FALSE
ON682263|MPXV/Germany/2022/RKI03|Germany|2022-05,11,8,3,2022-05-16,2022.369863,month,FALSE
ON682264|MPXV/Germany/2022/RKI05|Germany|2022-05,11,8,3,2022-05-16,2022.369863,month,FALSE
ON682265|MPXV/Germany/2022/RKI04|Germany|2022-05,11,8,3,2022-05-16,2022.369863,month,FALSE
ON682266|MPXV/Germany/2022/RKI09|Germany|2022-05,12,9,3,2022-05-16,2022.369863,month,FALSE
ON682267|MPXV/Germany/2022/RKI010|Germany|2022-05,11,8,3,2022-05-16,2022.369863,month,FALSE
ON682268|MPXV/Germany/2022/RKI08|Germany|2022-05,12,9,3,2022-05-16,2022.369863,month,FALSE
ON682269|MPXV/Germany/2022/RKI07|Germany|2022-05,11,8,3,2022-05-16,2022.369863,month,FALSE
ON682270|MPXV/Germany/2022/RKI06|Germany|2022-05,11,8,3,2022-05-16,2022.369863,month,FALSE
ON694329|MPXV/Germany/2022/RKI025|Germany|2022-05,12,8,4,2022-05-16,2022.369863,month,FALSE
ON694330|MPXV/Germany/2022/RKI019|Germany|2022-05,14,11,3,2022-05-16,2022.369863,month,FALSE
ON694331|MPXV/Germany/2022/RKI015|Germany|2022-05,13,9,4,2022-05-16,2022.369863,month,FALSE
ON694332|MPXV/Germany/2022/RKI023|Germany|2022-05,12,8,4,2022-05-16,2022.369863,month,FALSE
ON694333|MPXV/Germany/2022/RKI022|Germany|2022-05,12,8,4,2022-05-16,2022.369863,month,FALSE
ON694334|MPXV/Germany/2022/RKI021|Germany|2022-05,13,9,4,2022-05-16,2022.369863,month,FALSE
ON694335|MPXV/Germany/2022/RKI018|Germany|2022-05,13,10,3,2022-05-16,2022.369863,month,FALSE
ON694336|MPXV/Germany/2022/RKI024|Germany|2022-05,11,8,3,2022-05-16,2022.369863,month,FALSE
ON694337|MPXV/Germany/2022/RKI020|Germany|2022-05,13,9,4,2022-05-16,2022.369863,month,FALSE
ON694338|MPXV/Germany/2022/RKI017|Germany|2022-05,12,8,4,2022-05-16,2022.369863,month,FALSE
ON694339|MPXV/Germany/2022/RKI016|Germany|2022-05,13,9,4,2022-05-16,2022.369863,month,FALSE
ON694340|MPXV/Germany/2022/RKI014|Germany|2022-05,12,8,4,2022-05-16,2022.369863,month,FALSE
ON694341|MPXV/Germany/2022/RKI012|Germany|2022-05,12,9,3,2022-05-16,2022.369863,month,FALSE
ON694342|MPXV/Germany/2022/RKI011|Germany|2022-05,13,10,3,2022-05-16,2022.369863,month,FALSE
ON720848|MpxV/Spain/MD-HGUGM-6513479/2022|Spain|2022-05-27,15,10,5,2022-05-27,2022.4,day,FALSE
ON720849|MpxV/Spain/MD-HGUGM-6532064/2022|Spain|2022-05-27,15,11,4,2022-05-27,2022.4,day,FALSE
ON736420|MPX/2022/Canada/AB1|Canada|2022-05-31,12,8,4,2022-05-31,2022.410959,day,FALSE
ON745215|INMI-Pt2|Italy|2022-05-19,11,8,3,2022-05-19,2022.378082,day,FALSE
ON745225|MpxV/Spain/MD-HGUGM-66649483/2022|Spain|2022-05-27,12,9,3,2022-05-27,2022.4,day,FALSE
ON751962|Monkeypox/BR0001/2022|Brazil|2022-06-07,14,11,3,2022-06-07,2022.430137,day,FALSE
ON754984|MPXV_SI2022_S3|Slovenia|2022-06,14,11,3,2022-06-16,2022.454795,month,FALSE
ON754985|MPXV_SI2022_S4|Slovenia|2022-06,14,11,3,2022-06-16,2022.454795,month,FALSE
ON754986|MPXV_SI2022_S5|Slovenia|2022-06,14,11,3,2022-06-16,2022.454795,month,FALSE
ON754987|MPXV_SI2022_S1_VEROE6|Slovenia|2022-05-23,15,12,3,2022-05-23,2022.389041,day,FALSE
ON754989|mpx_2022_Canada_AB2|Canada|2022-06-06,19,13,6,2022-06-06,2022.427397,day,FALSE
ON755039|MPXV_IRBA22-11|France|2022-05-19,12,9,3,2022-05-19,2022.378082,day,FALSE
ON755040|MPXV_IRBA22-14|France|2022-05-20,11,8,3,2022-05-20,2022.380822,day,FALSE
ON755231|MPXV/Germany/2022/RKI013|Germany|2022-06,13,10,3,2022-06-16,2022.454795,month,FALSE
ON755232|MPXV/Germany/2022/RKI026|Germany|2022-06,13,9,4,2022-06-16,2022.454795,month,FALSE
ON755233|MPXV/Germany/2022/RKI027|Germany|2022-06,12,9,3,2022-06-16,2022.454795,month,FALSE
ON755234|MPXV/Germany/2022/RKI028|Germany|2022-06,12,9,3,2022-06-16,2022.454795,month,FALSE
ON755235|MPXV/Germany/2022/RKI029|Germany|2022-06,12,9,3,2022-06-16,2022.454795,month,FALSE
ON755236|MPXV/Germany/2022/RKI030|Germany|2022-06,12,8,4,2022-06-16,2022.454795,month,FALSE
ON755237|MPXV/Germany/2022/RKI031|Germany|2022-06,11,8,3,2022-06-16,2022.454795,month,FALSE
ON755238|MPXV/Germany/2022/RKI032|Germany|2022-06,12,8,4,2022-06-16,2022.454795,month,FALSE
ON755239|MPXV/Germany/2022/RKI033|Germany|2022-06,14,10,4,2022-06-16,2022.454795,month,FALSE
ON755240|MPXV/Germany/2022/RKI034|Germany|2022-06,14,10,4,2022-06-16,2022.454795,month,FALSE
ON755241|MPXV/Germany/2022/RKI035|Germany|2022-06,12,9,3,2022-06-16,2022.454795,month,FALSE
ON755242|MPXV/Germany/2022/RKI036|Germany|2022-06,12,8,4,2022-06-16,2022.454795,month,FALSE
ON755243|MPXV/Germany/2022/RKI037|Germany|2022-06,13,10,3,2022-06-16,2022.454795,month,FALSE
ON755244|MPXV/Germany/2022/RKI038|Germany|2022-06,14,8,6,2022-06-16,2022.454795,month,FALSE
ON755245|MPXV/Germany/2022/RKI039|Germany|2022-06,11,8,3,2022-06-16,2022.454795,month,FALSE
ON755246|MPXV/Germany/2022/RKI040|Germany|2022-06,11,8,3,2022-06-16,2022.454795,month,FALSE
ON755247|MPXV/Germany/2022/RKI041|Germany|2022-06,14,10,4,2022-06-16,2022.454795,month,FALSE
ON755248|MPXV/Germany/2022/RKI042|Germany|2022-06,14,11,3,2022-06-16,2022.454795,month,FALSE
ON755249|MPXV/Germany/2022/RKI043|Germany|2022-06,13,10,3,2022-06-16,2022.454795,month,FALSE
ON755250|MPXV/Germany/2022/RKI044|Germany|2022-06,12,8,4,2022-06-16,2022.454795,month,FALSE
ON755251|MPXV/Germany/2022/RKI045|Germany|2022-06,15,12,3,2022-06-16,2022.454795,month,FALSE
ON755252|MPXV/Germany/2022/RKI046|Germany|2022-06,13,9,4,2022-06-16,2022.454795,month,FALSE
ON755253|MPXV/Germany/2022/RKI047|Germany|2022-06,12,8,4,2022-06-16,2022.454795,month,FALSE
ON755254|MPXV/Germany/2022/RKI048|Germany|2022-06,14,10,4,2022-06-16,2022.454795,month,FALSE
ON755255|MPXV/Germany/2022/RKI049|Germany|2022-06,14,11,3,2022-06-16,2022.454795,month,FALSE
ON755256|MPXV/Germany/2022/RKI050|Germany|2022-06,15,11,4,2022-06-16,2022.454795,month,FALSE
ON780016|INMI-Pt3|Italy|2022-05-19,11,8,3,2022-05-19,2022.378082,day,FALSE
ON780017|INMI-Pt4|Italy|2022-05-21,12,9,3,2022-05-21,2022.383562,day,FALSE
ON782021|MPX-37/Finland/2022|Finland|2022-05,14,11,3,2022-05-16,2022.369863,month,FALSE
ON782022|MPX-42/Finland/2022|Finland|2022,11,8,3,2022,2022.5,year,FALSE
ON782055|MPXV/Spain/HUNSC_ITER_0001b/2022|Spain|2022-05-31,16,11,5,2022-05-31,2022.410959,day,FALSE
ON792320|hMpxV/Switzerland/ZH-UZH-IMV-3ba6449f/2022|Switzerland|2022-06-01,15,12,3,2022-06-01,2022.413699,day,FALSE
ON792321|hMpxV/Switzerland/ZH-UZH-IMV-3ba6450e/2022|Switzerland|2022-06-02,12,8,4,2022-06-02,2022.416438,day,FALSE
ON792322|hMpxV/Switzerland/ZH-UZH-IMV-3ba64538/2022|Switzerland|2022-06-02,12,9,3,2022-06-02,2022.416438,day,FALSE
ON803413|MpxV/human/CAN/UN-NML-2928/2022|Canada|2022-05-21,16,13,3,2022-05-21,2022.383562,day,FALSE
ON803414|MpxV/human/CAN/UN-NML-2930/2022|Canada|2022-05-21,16,13,3,2022-05-21,2022.383562,day,FALSE
ON803415|MpxV/human/CAN/UN-NML-2936/2022|Canada|2022-05-20,16,13,3,2022-05-20,2022.380822,day,FALSE
ON803416|MpxV/human/CAN/UN-NML-2835/2022|Canada|2022-05-17,11,8,3,2022-05-17,2022.372603,day,FALSE
ON803417|MpxV/human/CAN/UN-NML-2836/2022|Canada|2022-05-17,14,9,5,2022-05-17,2022.372603,day,FALSE
ON803419|MpxV/human/CAN/UN-NML-2844/2022|Canada|2022-05-14,11,8,3,2022-05-14,2022.364384,day,FALSE
ON803420|MpxV/human/CAN/UN-NML-2846/2022|Canada|2022-05-19,16,13,3,2022-05-19,2022.378082,day,FALSE
ON803421|MpxV/human/CAN/UN-NML-2849/2022|Canada|2022-05-19,11,8,3,2022-05-19,2022.378082,day,FALSE
ON803422|MpxV/human/CAN/UN-NML-2850/2022|Canada|2022-05-19,14,10,4,2022-05-19,2022.378082,day,FALSE
ON803423|MpxV/human/CAN/UN-NML-2851/2022|Canada|2022-05-19,14,10,4,2022-05-19,2022.378082,day,FALSE
ON803424|MpxV/human/CAN/UN-NML-2852/2022|Canada|2022-05-19,11,8,3,2022-05-19,2022.378082,day,FALSE
ON803425|MpxV/human/CAN/UN-NML-2853/2022|Canada|2022-05-19,11,8,3,2022-05-19,2022.378082,day,FALSE
ON803426|MpxV/human/CAN/UN-NML-2856/2022|Canada|2022-05-19,11,8,3,2022-05-19,2022.378082,day,FALSE
ON803427|MpxV/human/CAN/UN-NML-2861/2022|Canada|2022-05-18,11,8,3,2022-05-18,2022.375342,day,FALSE
ON803428|MpxV/human/CAN/UN-NML-2869/2022|Canada|2022-05-21,11,8,3,2022-05-21,2022.383562,day,FALSE
ON803429|MpxV/human/CAN/UN-NML-2873/2022|Canada|2022-05-19,11,8,3,2022-05-19,2022.378082,day,FALSE
ON803430|MpxV/human/CAN/UN-NML-2874/2022|Canada|2022-05-19,11,8,3,2022-05-19,2022.378082,day,FALSE
ON803431|MpxV/human/CAN/UN-NML-2883/2022|Canada|2022-05-20,12,9,3,2022-05-20,2022.380822,day,FALSE
ON803432|MpxV/human/CAN/UN-NML-2884/2022|Canada|2022-05-20,12,9,3,2022-05-20,2022.380822,day,FALSE
ON803433|MpxV/human/CAN/UN-NML-2885/2022|Canada|2022-05-20,11,8,3,2022-05-20,2022.380822,day,FALSE
ON803434|MpxV/human/CAN/UN-NML-2886/2022|Canada|2022-05-20,11,8,3,2022-05-20,2022.380822,day,FALSE
ON803435|MpxV/human/CAN/UN-NML-2893/2022|Canada|2022-05-20,14,10,4,2022-05-20,2022.380822,day,FALSE
ON803436|MpxV/human/CAN/UN-NML-2894/2022|Canada|2022-05-20,11,8,3,2022-05-20,2022.380822,day,FALSE
ON803437|MpxV/human/CAN/UN-NML-2896/2022|Canada|2022-05-20,11,8,3,2022-05-20,2022.380822,day,FALSE
ON803438|MpxV/human/CAN/UN-NML-2897/2022|Canada|2022-05-20,11,8,3,2022-05-20,2022.380822,day,FALSE
ON803439|MpxV/human/CAN/UN-NML-2899/2022|Canada|2022-05-20,17,13,4,2022-05-20,2022.380822,day,FALSE
ON803440|MpxV/human/CAN/UN-NML-2954/2022|Canada|2022-05-22,11,8,3,2022-05-22,2022.386301,day,FALSE
ON803441|MpxV/human/CAN/UN-NML-2955/2022|Canada|2022-05-23,11,8,3,2022-05-23,2022.389041,day,FALSE
ON803442|MpxV/human/CAN/UN-NML-2967/2022|Canada|2022-05-16,11,8,3,2022-05-16,2022.369863,day,FALSE
ON803443|MpxV/human/CAN/UN-NML-2975/2022|Canada|2022-05-16,12,8,4,2022-05-16,2022.369863,day,FALSE
ON803444|MpxV/human/CAN/UN-NML-2969/2022|Canada|2022-05-24,12,9,3,2022-05-24,2022.391781,day,FALSE
ON808413|CVR_MPXV1a|United_Kingdom|2022-05-15,13,9,4,2022-05-15,2022.367123,day,FALSE
ON808414|CVR_MPXV1b|United_Kingdom|2022-05-15,11,8,3,2022-05-15,2022.367123,day,FALSE
ON808415|CVR_MPXV1c|United_Kingdom|2022-05-15,11,8,3,2022-05-15,2022.367123,day,FALSE
ON808416|CVR_MPXV1d|United_Kingdom|2022-05-15,12,9,3,2022-05-15,2022.367123,day,FALSE
ON808417|CVR_MPXV1e|United_Kingdom|2022-05-15,11,8,3,2022-05-15,2022.367123,day,FALSE
ON813251|MPXV/Germany/2022/RKI051|Germany|2022-06,13,9,4,2022-06-16,2022.454795,month,FALSE
ON813252|MPXV/Germany/2022/RKI052|Germany|2022-06,11,8,3,2022-06-16,2022.454795,month,FALSE
ON813253|MPXV/Germany/2022/RKI053|Germany|2022-06,13,9,4,2022-06-16,2022.454795,month,FALSE
ON813254|MPXV/Germany/2022/RKI057|Germany|2022-06,13,10,3,2022-06-16,2022.454795,month,FALSE
ON813255|MPXV/Germany/2022/RKI058|Germany|2022-06,11,8,3,2022-06-16,2022.454795,month,FALSE
ON813256|MPXV/Germany/2022/RKI059|Germany|2022-06,13,9,4,2022-06-16,2022.454795,month,FALSE
ON813257|MPXV/Germany/2022/RKI060|Germany|2022-06,15,11,4,2022-06-16,2022.454795,month,FALSE
ON813258|MPXV/Germany/2022/RKI054|Germany|2022-06,14,8,6,2022-06-16,2022.454795,month,FALSE
ON813259|MPXV/Germany/2022/RKI055|Germany|2022-06,13,10,3,2022-06-16,2022.454795,month,FALSE
ON813261|MPXV/Germany/2022/RKI061|Germany|2022-06,14,11,3,2022-06-16,2022.454795,month,FALSE
ON813262|MPXV/Germany/2022/RKI062|Germany|2022-06,14,8,6,2022-06-16,2022.454795,month,FALSE
ON813263|MPXV/Germany/2022/RKI063|Germany|2022-06,14,9,5,2022-06-16,2022.454795,month,FALSE
ON813264|MPXV/Germany/2022/RKI064|Germany|2022-06,13,9,4,2022-06-16,2022.454795,month,FALSE
ON813265|MPXV/Germany/2022/RKI065|Germany|2022-06,12,8,4,2022-06-16,2022.454795,month,FALSE
ON813266|MPXV/Germany/2022/RKI056|Germany|2022-06,13,9,4,2022-06-16,2022.454795,month,FALSE
ON813267|MPXV/Germany/2022/RKI067|Germany|2022-06,11,8,3,2022-06-16,2022.454795,month,FALSE
ON838178|SI2022_S7|Slovenia|2022-06,14,11,3,2022-06-16,2022.454795,month,FALSE
ON838939|8887|Spain|2022-06-06,13,10,3,2022-06-06,2022.427397,day,FALSE
ON838940|4061|Spain|2022-05-20,11,8,3,2022-05-20,2022.380822,day,FALSE
ON843163|Monkeypox/PT0048/2022|Portugal|2022-05-13,12,9,3,2022-05-13,2022.361644,day,FALSE
ON843164|Monkeypox/PT0037/2022|Portugal|2022-05-18,11,8,3,2022-05-18,2022.375342,day,FALSE
ON843165|Monkeypox/PT0033/2022|Portugal|2022-05-24,12,9,3,2022-05-24,2022.391781,day,FALSE
ON843166|Monkeypox/PT0038/2022|Portugal|2022-05-24,13,10,3,2022-05-24,2022.391781,day,FALSE
ON843167|Monkeypox/PT0036/2022|Portugal|2022-05-26,11,8,3,2022-05-26,2022.39726,day,FALSE
ON843168|Monkeypox/PT0032/2022|Portugal|2022-05-26,14,11,3,2022-05-26,2022.39726,day,FALSE
ON843169|Monkeypox/PT0034/2022|Portugal|2022-05-26,11,8,3,2022-05-26,2022.39726,day,FALSE
ON843170|Monkeypox/PT0031/2022|Portugal|2022-05-26,12,9,3,2022-05-26,2022.39726,day,FALSE
ON843171|Monkeypox/PT0030/2022|Portugal|2022-05-26,11,8,3,2022-05-26,2022.39726,day,FALSE
ON843172|Monkeypox/PT0035/2022|Portugal|2022-05-27,11,8,3,2022-05-27,2022.4,day,FALSE
ON843173|Monkeypox/PT0029/2022|Portugal|2022-05-27,12,9,3,2022-05-27,2022.4,day,FALSE
ON843174|Monkeypox/PT0046/2022|Portugal|2022-05-30,13,9,4,2022-05-30,2022.408219,day,FALSE
ON843175|Monkeypox/PT0043/2022|Portugal|2022-05-30,12,9,3,2022-05-30,2022.408219,day,FALSE
ON843176|Monkeypox/PT0041/2022|Portugal|2022-06-02,11,8,3,2022-06-02,2022.416438,day,FALSE
ON843177|Monkeypox/PT0047/2022|Portugal|2022-06-02,11,8,3,2022-06-02,2022.416438,day,FALSE
ON843178|Monkeypox/PT0040/2022|Portugal|2022-06-02,11,8,3,2022-06-02,2022.416438,day,FALSE
ON843179|Monkeypox/PT0039/2022|Portugal|2022-06-02,12,9,3,2022-06-02,2022.416438,day,FALSE
ON843180|Monkeypox/PT0042/2022|Portugal|2022-06-03,11,8,3,2022-06-03,2022.419178,day,FALSE
ON843181|Monkeypox/PT0045/2022|Portugal|2022-06-06,15,12,3,2022-06-06,2022.427397,day,FALSE
ON843182|Monkeypox/PT0044/2022|Portugal|2022-05-30,12,9,3,2022-05-30,2022.408219,day,FALSE
ON853649|MPXV/Germany/2022/RKI068|Germany|2022-06,18,11,7,2022-06-16,2022.454795,month,FALSE
ON853650|MPXV/Germany/2022/RKI069|Germany|2022-06,14,10,4,2022-06-16,2022.454795,month,FALSE
ON853651|MPXV/Germany/2022/RKI073|Germany|2022-06,14,9,5,2022-06-16,2022.454795,month,FALSE
ON853652|MPXV/Germany/2022/RKI074|Germany|2022-06,13,9,4,2022-06-16,2022.454795,month,FALSE
ON853653|MPXV/Germany/2022/RKI076|Germany|2022-06,12,8,4,2022-06-16,2022.454795,month,FALSE
ON853654|MPXV/Germany/2022/RKI087|Germany|2022-06,11,8,3,2022-06-16,2022.454795,month,FALSE
ON853655|MPXV/Germany/2022/RKI088|Germany|2022-06,17,13,4,2022-06-16,2022.454795,month,FALSE
ON853656|MPXV/Germany/2022/RKI070|Germany|2022-06,15,11,4,2022-06-16,2022.454795,month,FALSE
ON853657|MPXV/Germany/2022/RKI071|Germany|2022-06,11,8,3,2022-06-16,2022.454795,month,FALSE
ON853658|MPXV/Germany/2022/RKI072|Germany|2022-06,13,8,5,2022-06-16,2022.454795,month,FALSE
ON853659|MPXV/Germany/2022/RKI075|Germany|2022-06,15,11,4,2022-06-16,2022.454795,month,FALSE
ON853660|MPXV/Germany/2022/RKI078|Germany|2022-06,15,11,4,2022-06-16,2022.454795,month,FALSE
ON853661|MPXV/Germany/2022/RKI079|Germany|2022-06,15,12,3,2022-06-16,2022.454795,month,FALSE
ON853662|MPXV/Germany/2022/RKI080|Germany|2022-06,15,11,4,2022-06-16,2022.454795,month,FALSE
ON853663|MPXV/Germany/2022/RKI081|Germany|2022-06,12,8,4,2022-06-16,2022.454795,month,FALSE
ON853664|MPXV/Germany/2022/RKI082|Germany|2022-06,13,10,3,2022-06-16,2022.454795,month,FALSE
ON853665|MPXV/Germany/2022/RKI083|Germany|2022-06,14,11,3,2022-06-16,2022.454795,month,FALSE
ON853666|MPXV/Germany/2022/RKI084|Germany|2022-06,12,9,3,2022-06-16,2022.454795,month,FALSE
ON853667|MPXV/Germany/2022/RKI085|Germany|2022-06,14,10,4,2022-06-16,2022.454795,month,FALSE
ON853668|MPXV/Germany/2022/RKI086|Germany|2022-06,15,11,4,2022-06-16,2022.454795,month,FALSE
ON853669|MPXV/Germany/2022/RKI089|Germany|2022-06,15,11,4,2022-06-16,2022.454795,month,FALSE
ON853670|MPXV/Germany/2022/RKI090|Germany|2022-06,14,11,3,2022-06-16,2022.454795,month,FALSE
ON853671|MPXV/Germany/2022/RKI091|Germany|2022-06,12,9,3,2022-06-16,2022.454795,month,FALSE
ON853672|MPXV/Germany/2022/RKI093|Germany|2022-06,15,11,4,2022-06-16,2022.454795,month,FALSE
ON853673|MPXV/Germany/2022/RKI094|Germany|2022-06,12,8,4,2022-06-16,2022.454795,month,FALSE
ON853674|MPXV/Germany/2022/RKI095|Germany|2022-06,11,8,3,2022-06-16,2022.454795,month,FALSE
ON853675|MPXV/Germany/2022/RKI096|Germany|2022-06,11,8,3,2022-06-16,2022.454795,month,FALSE
ON853676|MPXV/Germany/2022/RKI098|Germany|2022-06,14,11,3,2022-06-16,2022.454795,month,FALSE
ON853677|MPXV/Germany/2022/RKI099|Germany|2022-06,13,9,4,2022-06-16,2022.454795,month,FALSE
ON853678|MPXV/Germany/2022/RKI100|Germany|2022-06,12,9,3,2022-06-16,2022.454795,month,FALSE
ON853679|MPXV/Germany/2022/RKI077|Germany|2022-06,11,8,3,2022-06-16,2022.454795,month,FALSE
ON853680|MPXV/Germany/2022/RKI097|Germany|2022-06,13,9,4,2022-06-16,2022.454795,month,FALSE
ON853681|MPXV/Germany/2022/RKI092|Germany|2022-06,12,8,4,2022-06-16,2022.454795,month,FALSE
ON853682|MPXV/Germany/2022/RKI101|Germany|2022-06,12,9,3,2022-06-16,2022.454795,month,FALSE
ON872184|WA-2022|Ireland|2022-05-30,16,9,7,2022-05-30,2022.408219,day,FALSE
ON880413|MPX/BR0002/2022|Brazil|2022-06-14,16,12,4,2022-06-14,2022.449315,day,FALSE
ON880419|MPX/UZ_REGA_3/Belgium/2022|Belgium|2022-05-27,11,8,3,2022-05-27,2022.4,day,FALSE
ON880420|MPX/UZ_REGA_4/Belgium/2022|Belgium|2022-05-27,11,8,3,2022-05-27,2022.4,day,FALSE
ON880421|MPX/UZ_REGA_5/Belgium/2022|Belgium|2022-05-27,11,8,3,2022-05-27,2022.4,day,FALSE
ON880422|MPX/UZ_REGA_6/Belgium/2022|Belgium|2022-05-27,11,8,3,2022-05-27,2022.4,day,FALSE
ON880505|MpxV/human/CAN/UN-NML-2906/2022|Canada|2022-05-20,16,13,3,2022-05-20,2022.380822,day,FALSE
ON880506|MpxV/human/CAN/UN-NML-2959/2022|Canada|2022-05-22,18,15,3,2022-05-22,2022.386301,day,FALSE
ON880507|MpxV/human/CAN/UN-NML-3071/2022|Canada|2022-05-27,16,13,3,2022-05-27,2022.4,day,FALSE
ON880508|MpxV/human/CAN/UN-NML-3127/2022|Canada|2022-05-30,11,8,3,2022-05-30,2022.408219,day,FALSE
ON880509|MpxV/human/CAN/UN-NML-3137/2022|Canada|2022-05-29,11,8,3,2022-05-29,2022.405479,day,FALSE
ON880510|MpxV/human/CAN/UN-NML-3193/2022|Canada|2022-05-31,16,13,3,2022-05-31,2022.410959,day,FALSE
ON880511|MpxV/human/CAN/UN-NML-3214/2022|Canada|2022-05-30,16,12,4,2022-05-30,2022.408219,day,FALSE
ON880512|MpxV/human/CAN/UN-NML-3292/2022|Canada|2022-06-01,11,8,3,2022-06-01,2022.413699,day,FALSE
ON880513|MpxV/human/CAN/UN-NML-3407/2022|Canada|2022-06-04,16,13,3,2022-06-04,2022.421918,day,FALSE
ON880514|MpxV/human/CAN/UN-NML-3412/2022|Canada|2022-06-04,16,13,3,2022-06-04,2022.421918,day,FALSE
ON880515|MpxV/human/CAN/UN-NML-3467/2022|Canada|2022-06-02,16,13,3,2022-06-02,2022.416438,day,FALSE
ON880516|MpxV/human/CAN/UN-NML-3472/2022|Canada|2022-06-02,11,8,3,2022-06-02,2022.416438,day,FALSE
ON880517|MpxV/human/CAN/UN-NML-3476/2022|Canada|2022-05-27,12,9,3,2022-05-27,2022.4,day,FALSE
ON880518|MpxV/human/CAN/UN-NML-3486/2022|Canada|2022-06-08,14,11,3,2022-06-08,2022.432877,day,FALSE
ON880519|MpxV/human/CAN/UN-NML-2833/2022|Canada|2022-05-13,13,9,4,2022-05-13,2022.361644,day,FALSE
ON880520|MpxV/human/CAN/UN-NML-2857/2022|Canada|2022-05-19,12,9,3,2022-05-19,2022.378082,day,FALSE
ON880521|MpxV/human/CAN/UN-NML-2858/2022|Canada|2022-05-19,11,8,3,2022-05-19,2022.378082,day,FALSE
ON880522|MpxV/human/CAN/UN-NML-2870/2022|Canada|2022-05-21,11,8,3,2022-05-21,2022.383562,day,FALSE
ON880523|MpxV/human/CAN/UN-NML-2898/2022|Canada|2022-05-20,17,13,4,2022-05-20,2022.380822,day,FALSE
ON880524|MpxV/human/CAN/UN-NML-3080/2022|Canada|2022-05-26,8,7,1,2022-05-26,2022.39726,day,FALSE
ON880525|MpxV/human/CAN/UN-NML-3086/2022|Canada|2022-05-25,11,8,3,2022-05-25,2022.394521,day,FALSE
ON880526|MpxV/human/CAN/UN-NML-3100/2022|Canada|2022-05-27,11,8,3,2022-05-27,2022.4,day,FALSE
ON880527|MpxV/human/CAN/UN-NML-3141/2022|Canada|2022-05-27,11,8,3,2022-05-27,2022.4,day,FALSE
ON880528|MpxV/human/CAN/UN-NML-3147/2022|Canada|2022-05-27,14,11,3,2022-05-27,2022.4,day,FALSE
ON880529|MpxV/human/CAN/UN-NML-3153/2022|Canada|2022-05-28,13,10,3,2022-05-28,2022.40274,day,FALSE
ON880530|MpxV/human/CAN/UN-NML-3162/2022|Canada|2022-05-29,11,8,3,2022-05-29,2022.405479,day,FALSE
ON880531|MpxV/human/CAN/UN-NML-3165/2022|Canada|2022-05-29,11,8,3,2022-05-29,2022.405479,day,FALSE
ON880532|MpxV/human/CAN/UN-NML-3253/2022|Canada|2022-05-30,12,8,4,2022-05-30,2022.408219,day,FALSE
ON880533|MpxV/human/CAN/UN-NML-3257/2022|Canada|2022-05-30,14,11,3,2022-05-30,2022.408219,day,FALSE
ON880534|MpxV/human/CAN/UN-NML-3262/2022|Canada|2022-05-30,14,11,3,2022-05-30,2022.408219,day,FALSE
ON880535|MpxV/human/CAN/UN-NML-3269/2022|Canada|2022-05-31,12,10,2,2022-05-31,2022.410959,day,FALSE
ON880536|MpxV/human/CAN/UN-NML-3272/2022|Canada|2022-05-31,13,9,4,2022-05-31,2022.410959,day,FALSE
ON880537|MpxV/human/CAN/UN-NML-3273/2022|Canada|2022-05-31,12,9,3,2022-05-31,2022.410959,day,FALSE
ON880538|MpxV/human/CAN/UN-NML-3336/2022|Canada|2022-06-01,14,11,3,2022-06-01,2022.413699,day,FALSE
ON880539|MpxV/human/CAN/UN-NML-3339/2022|Canada|2022-06-01,11,8,3,2022-06-01,2022.413699,day,FALSE
ON880540|MpxV/human/CAN/UN-NML-3342/2022|Canada|2022-06-01,14,11,3,2022-06-01,2022.413699,day,FALSE
ON880541|MpxV/human/CAN/UN-NML-3344/2022|Canada|2022-06-01,10,8,2,2022-06-01,2022.413699,day,FALSE
ON880542|MpxV/human/CAN/UN-NML-3348/2022|Canada|2022-05-31,11,8,3,2022-05-31,2022.410959,day,FALSE
ON880543|MpxV/human/CAN/UN-NML-3357/2022|Canada|2022-06-02,14,11,3,2022-06-02,2022.416438,day,FALSE
ON880544|MpxV/human/CAN/UN-NML-3363/2022|Canada|2022-06-02,13,10,3,2022-06-02,2022.416438,day,FALSE
ON880545|MpxV/human/CAN/UN-NML-3366/2022|Canada|2022-06-02,12,9,3,2022-06-02,2022.416438,day,FALSE
ON880546|MpxV/human/CAN/UN-NML-3368/2022|Canada|2022-06-02,11,8,3,2022-06-02,2022.416438,day,FALSE
ON880547|MpxV/human/CAN/UN-NML-3441/2022|Canada|2022-06-03,16,12,4,2022-06-03,2022.419178,day,FALSE
ON880548|MpxV/human/CAN/UN-NML-3448/2022|Canada|2022-06-03,13,10,3,2022-06-03,2022.419178,day,FALSE
ON880549|MpxV/human/CAN/UN-NML-3450/2022|Canada|2022-06-03,14,11,3,2022-06-03,2022.419178,day,FALSE
ON911481|Monkeypox/MX-UANL001/2022|Mexico|2022-06-28,16,12,4,2022-06-28,2022.487671,day,FALSE
ON918611|NICD-SVPL223|South_Africa|2022-06-20,17,13,4,2022-06-20,2022.465753,day,FALSE
ON918656|MPXV/human/Taiwan/110-231642/2022|Taiwan|2022-06,16,10,6,2022-06-16,2022.454795,month,FALSE
ON927243|MpxV/Spain/MD-HGUGM-6642566/2022|Spain|2022-06-21,12,9,3,2022-06-21,2022.468493,day,FALSE
ON927248|NICD-SVPL232|South_Africa|2022-06-24,17,13,4,2022-06-24,2022.476712,day,FALSE
ON929057|MPXV/Germany/2022/RKI070|Germany|2022-07,13,9,4,2022-07-16,2022.536986,month,FALSE
ON929058|MPXV/Germany/2022/RKI071|Germany|2022-07,11,8,3,2022-07-16,2022.536986,month,FALSE
ON929059|MPXV/Germany/2022/RKI072|Germany|2022-07,16,12,4,2022-07-16,2022.536986,month,FALSE
ON929060|MPXV/Germany/2022/RKI102|Germany|2022-07,17,14,3,2022-07-16,2022.536986,month,FALSE
ON929061|MPXV/Germany/2022/RKI103|Germany|2022-07,14,10,4,2022-07-16,2022.536986,month,FALSE
ON929062|MPXV/Germany/2022/RKI104|Germany|2022-07,14,9,5,2022-07-16,2022.536986,month,FALSE
ON929063|MPXV/Germany/2022/RKI105|Germany|2022-07,11,8,3,2022-07-16,2022.536986,month,FALSE
ON929065|MPXV/Germany/2022/RKI107|Germany|2022-07,12,9,3,2022-07-16,2022.536986,month,FALSE
ON929066|MPXV/Germany/2022/RKI108|Germany|2022-07,12,8,4,2022-07-16,2022.536986,month,FALSE
ON929067|MPXV/Germany/2022/RKI109|Germany|2022-07,15,10,5,2022-07-16,2022.536986,month,FALSE
ON929068|MPXV/Germany/2022/RKI110|Germany|2022-07,11,8,3,2022-07-16,2022.536986,month,FALSE
ON929069|MPXV/Germany/2022/RKI111|Germany|2022-07,15,10,5,2022-07-16,2022.536986,month,FALSE
ON929070|MPXV/Germany/2022/RKI112|Germany|2022-07,11,8,3,2022-07-16,2022.536986,month,FALSE
ON929071|MPXV/Germany/2022/RKI113|Germany|2022-07,11,8,3,2022-07-16,2022.536986,month,FALSE
ON929072|MPXV/Germany/2022/RKI114|Germany|2022-07,11,8,3,2022-07-16,2022.536986,month,FALSE
ON929073|MPXV/Germany/2022/RKI115|Germany|2022-07,14,10,4,2022-07-16,2022.536986,month,FALSE
ON929074|MPXV/Germany/2022/RKI119|Germany|2022-07,14,9,5,2022-07-16,2022.536986,month,FALSE
ON929075|MPXV/Germany/2022/RKI120|Germany|2022-07,14,8,6,2022-07-16,2022.536986,month,FALSE
ON929076|MPXV/Germany/2022/RKI121|Germany|2022-07,13,9,4,2022-07-16,2022.536986,month,FALSE
ON929077|MPXV/Germany/2022/RKI122|Germany|2022-07,12,8,4,2022-07-16,2022.536986,month,FALSE
ON929078|MPXV/Germany/2022/RKI123|Germany|2022-07,15,11,4,2022-07-16,2022.536986,month,FALSE
ON929079|MPXV/Germany/2022/RKI124|Germany|2022-07,12,8,4,2022-07-16,2022.536986,month,FALSE
ON929080|MPXV/Germany/2022/RKI125|Germany|2022-07,15,11,4,2022-07-16,2022.536986,month,FALSE
ON929081|MPXV/Germany/2022/RKI126|Germany|2022-07,12,8,4,2022-07-16,2022.536986,month,FALSE
ON929082|MPXV/Germany/2022/RKI127|Germany|2022-07,14,9,5,2022-07-16,2022.536986,month,FALSE
ON929083|MPXV/Germany/2022/RKI128|Germany|2022-07,12,8,4,2022-07-16,2022.536986,month,FALSE
ON929084|MPXV/Germany/2022/RKI129|Germany|2022-07,15,11,4,2022-07-16,2022.536986,month,FALSE
ON929085|MPXV/Germany/2022/RKI130|Germany|2022-07,15,11,4,2022-07-16,2022.536986,month,FALSE
ON929087|MPXV/Germany/2022/RKI132|Germany|2022-07,13,9,4,2022-07-16,2022.536986,month,FALSE
ON929088|MPXV/Germany/2022/RKI133|Germany|2022-07,12,9,3,2022-07-16,2022.536986,month,FALSE
ON929089|MPXV/Germany/2022/RKI134|Germany|2022-07,14,10,4,2022-07-16,2022.536986,month,FALSE
ON929090|MPXV/Germany/2022/RKI135|Germany|2022-07,15,10,5,2022-07-16,2022.536986,month,FALSE
ON929091|MPXV/Germany/2022/RKI136|Germany|2022-07,11,8,3,2022-07-16,2022.536986,month,FALSE
ON950045|MPXV/ITM_pt_31/Belgium/27-May-2022|Belgium|2022-05-27,14,11,3,2022-05-27,2022.4,day,FALSE
ON954773|MPXV_USA_2022_CA002|USA|2022-05,13,9,4,2022-05-16,2022.369863,month,FALSE
ON959131|MPXV_USA_2022_IL001|USA|2022-05,11,8,3,2022-05-16,2022.369863,month,FALSE
ON959132|MPXV_USA_2022_IL003|USA|2022-06,11,8,3,2022-06-16,2022.454795,month,FALSE
ON959133|MPXV_USA_2022_NY002|USA|2022-05,13,10,3,2022-05-16,2022.369863,month,FALSE
ON959134|MPXV_USA_2022_NY003|USA|2022-05,12,9,3,2022-05-16,2022.369863,month,FALSE
ON959136|MPXV_USA_2022_NY005|USA|2022-06,14,9,5,2022-06-16,2022.454795,month,FALSE
ON959143|MPX-96/Finland/2022|Finland|2022-06-16,15,12,3,2022-06-16,2022.454795,day,FALSE
ON959149|MPXV/Germany/2022/RKI140|Germany|2022-07,15,12,3,2022-07-16,2022.536986,month,FALSE
ON959150|MPXV/Germany/2022/RKI145|Germany|2022-07,14,10,4,2022-07-16,2022.536986,month,FALSE
ON959151|MPXV/Germany/2022/RKI160|Germany|2022-07,15,9,6,2022-07-16,2022.536986,month,FALSE
ON959152|MPXV/Germany/2022/RKI139|Germany|2022-07,11,8,3,2022-07-16,2022.536986,month,FALSE
ON959153|MPXV/Germany/2022/RKI165|Germany|2022-07,14,11,3,2022-07-16,2022.536986,month,FALSE
ON959154|MPXV/Germany/2022/RKI137|Germany|2022-07,12,9,3,2022-07-16,2022.536986,month,FALSE
ON959155|MPXV/Germany/2022/RKI138|Germany|2022-07,12,8,4,2022-07-16,2022.536986,month,FALSE
ON959156|MPXV/Germany/2022/RKI141|Germany|2022-07,14,10,4,2022-07-16,2022.536986,month,FALSE
ON959157|MPXV/Germany/2022/RKI142|Germany|2022-07,11,8,3,2022-07-16,2022.536986,month,FALSE
ON959158|MPXV/Germany/2022/RKI143|Germany|2022-07,12,9,3,2022-07-16,2022.536986,month,FALSE
ON959159|MPXV/Germany/2022/RKI144|Germany|2022-07,11,8,3,2022-07-16,2022.536986,month,FALSE
ON959160|MPXV/Germany/2022/RKI146|Germany|2022-07,11,8,3,2022-07-16,2022.536986,month,FALSE
ON959161|MPXV/Germany/2022/RKI147|Germany|2022-07,11,8,3,2022-07-16,2022.536986,month,FALSE
ON959162|MPXV/Germany/2022/RKI148|Germany|2022-07,13,8,5,2022-07-16,2022.536986,month,FALSE
ON959163|MPXV/Germany/2022/RKI149|Germany|2022-07,11,8,3,2022-07-16,2022.536986,month,FALSE
ON959164|MPXV/Germany/2022/RKI150|Germany|2022-07,14,11,3,2022-07-16,2022.536986,month,FALSE
ON959165|MPXV/Germany/2022/RKI151|Germany|2022-07,12,8,4,2022-07-16,2022.536986,month,FALSE
ON959166|MPXV/Germany/2022/RKI152|Germany|2022-07,14,9,5,2022-07-16,2022.536986,month,FALSE
ON959167|MPXV/Germany/2022/RKI153|Germany|2022-07,13,9,4,2022-07-16,2022.536986,month,FALSE
ON959168|MPXV/Germany/2022/RKI154|Germany|2022-07,15,11,4,2022-07-16,2022.536986,month,FALSE
ON959169|MPXV/Germany/2022/RKI155|Germany|2022-07,15,12,3,2022-07-16,2022.536986,month,FALSE
ON959170|MPXV/Germany/2022/RKI156|Germany|2022-07,13,10,3,2022-07-16,2022.536986,month,FALSE
ON959171|MPXV/Germany/2022/RKI157|Germany|2022-07,14,11,3,2022-07-16,2022.536986,month,FALSE
ON959172|MPXV/Germany/2022/RKI158|Germany|2022-07,14,10,4,2022-07-16,2022.536986,month,FALSE
ON959173|MPXV/Germany/2022/RKI159|Germany|2022-07,14,11,3,2022-07-16,2022.536986,month,FALSE
ON959174|MPXV/Germany/2022/RKI161|Germany|2022-07,13,10,3,2022-07-16,2022.536986,month,FALSE
ON959175|MPXV/Germany/2022/RKI162|Germany|2022-07,12,9,3,2022-07-16,2022.536986,month,FALSE
ON959176|MPXV/Germany/2022/RKI163|Germany|2022-07,15,11,4,2022-07-16,2022.536986,month,FALSE
ON983159|MpxV/human/CAN/UN-NML-3293/2022|Canada|2022-06-01,15,12,3,2022-06-01,2022.413699,day,FALSE
ON983160|MpxV/human/CAN/UN-NML-3393/2022|Canada|2022-06-03,16,12,4,2022-06-03,2022.419178,day,FALSE
ON983161|MpxV/human/CAN/UN-NML-3530/2022|Canada|2022-06-03,11,8,3,2022-06-03,2022.419178,day,FALSE
ON983162|MpxV/human/CAN/UN-NML-3531/2022|Canada|2022-06-03,11,8,3,2022-06-03,2022.419178,day,FALSE
ON983163|MpxV/human/CAN/UN-NML-3532/2022|Canada|2022-06-07,16,13,3,2022-06-07,2022.430137,day,FALSE
ON983164|MpxV/human/CAN/UN-NML-3558/2022|Canada|2022-06-09,17,14,3,2022-06-09,2022.435616,day,FALSE
ON983165|MpxV/human/CAN/UN-NML-3686/2022|Canada|2022-06-14,16,13,3,2022-06-14,2022.449315,day,FALSE
ON983166|MpxV/human/CAN/UN-NML-3702/2022|Canada|2022-06-15,11,8,3,2022-06-15,2022.452055,day,FALSE
ON983167|MpxV/human/CAN/UN-NML-3725/2022|Canada|2022-06-16,16,13,3,2022-06-16,2022.454795,day,FALSE
ON983168|MPxV/Prague_001/2022/flye_medaka|Czech_Republic|2022-04-28,12,9,3,2022-04-28,2022.320548,day,FALSE
OP013001|MpxV/human/CAN/UN-NML-2831/2022|Canada|2022-05-14,14,11,3,2022-05-14,2022.364384,day,FALSE
OP013002|MpxV/human/CAN/UN-NML-3164/2022|Canada|2022-05-29,13,10,3,2022-05-29,2022.405479,day,FALSE
OP013003|MpxV/human/CAN/UN-NML-3276/2022|Canada|2022-05-31,12,9,3,2022-05-31,2022.410959,day,FALSE
OP013004|MpxV/human/CAN/UN-NML-3518/2022|Canada|2022-06-07,12,9,3,2022-06-07,2022.430137,day,FALSE
OP013006|MpxV/human/CAN/UN-NML-3542/2022|Canada|2022-06-07,14,11,3,2022-06-07,2022.430137,day,FALSE
OP013007|MpxV/human/CAN/UN-NML-3549/2022|Canada|2022-06-07,12,8,4,2022-06-07,2022.430137,day,FALSE
OP013008|MpxV/human/CAN/UN-NML-3582/2022|Canada|2022-06-08,18,14,4,2022-06-08,2022.432877,day,FALSE
OP013009|MpxV/human/CAN/UN-NML-3595/2022|Canada|2022-06-08,11,8,3,2022-06-08,2022.432877,day,FALSE
OP013010|MpxV/human/CAN/UN-NML-3607/2022|Canada|2022-06-09,14,11,3,2022-06-09,2022.435616,day,FALSE
OP013011|MpxV/human/CAN/UN-NML-3611/2022|Canada|2022-06-09,12,9,3,2022-06-09,2022.435616,day,FALSE
OP013012|MpxV/human/CAN/UN-NML-3657/2022|Canada|2022-06-10,15,12,3,2022-06-10,2022.438356,day,FALSE
OP013013|MpxV/human/CAN/UN-NML-3658/2022|Canada|2022-06-10,11,8,3,2022-06-10,2022.438356,day,FALSE
OP013014|MpxV/human/CAN/UN-NML-3672/2022|Canada|2022-06-11,14,11,3,2022-06-11,2022.441096,day,FALSE
OP013015|MpxV/human/CAN/UN-NML-3674/2022|Canada|2022-06-13,12,8,4,2022-06-13,2022.446575,day,FALSE
OP013016|MpxV/human/CAN/UN-NML-3678/2022|Canada|2022-06-13,10,8,2,2022-06-13,2022.446575,day,FALSE
OP013017|MpxV/human/CAN/UN-NML-3752/2022|Canada|2022-06-10,14,11,3,2022-06-10,2022.438356,day,FALSE
OP018588|MPXV/Germany/2022/RKI169|Germany|2022-07,14,8,6,2022-07-16,2022.536986,month,FALSE
OP018589|MPXV/Germany/2022/RKI180|Germany|2022-07,15,11,4,2022-07-16,2022.536986,month,FALSE
OP018590|MPXV/Germany/2022/RKI181|Germany|2022-07,11,8,3,2022-07-16,2022.536986,month,FALSE
OP018591|MPXV/Germany/2022/RKI183|Germany|2022-07,14,9,5,2022-07-16,2022.536986,month,FALSE
OP018592|MPXV/Germany/2022/RKI166|Germany|2022-07,17,12,5,2022-07-16,2022.536986,month,FALSE
OP018593|MPXV/Germany/2022/RKI167|Germany|2022-07,16,11,5,2022-07-16,2022.536986,month,FALSE
OP018594|MPXV/Germany/2022/RKI168|Germany|2022-07,11,8,3,2022-07-16,2022.536986,month,FALSE
OP018595|MPXV/Germany/2022/RKI170|Germany|2022-07,13,10,3,2022-07-16,2022.536986,month,FALSE
OP018596|MPXV/Germany/2022/RKI171|Germany|2022-07,12,9,3,2022-07-16,2022.536986,month,FALSE
OP018597|MPXV/Germany/2022/RKI172|Germany|2022-07,11,8,3,2022-07-16,2022.536986,month,FALSE
OP018598|MPXV/Germany/2022/RKI173|Germany|2022-07,11,8,3,2022-07-16,2022.536986,month,FALSE
OP018599|MPXV/Germany/2022/RKI174|Germany|2022-07,14,10,4,2022-07-16,2022.536986,month,FALSE
OP018601|MPXV/Germany/2022/RKI176|Germany|2022-07,14,10,4,2022-07-16,2022.536986,month,FALSE
OP018602|MPXV/Germany/2022/RKI177|Germany|2022-07,13,9,4,2022-07-16,2022.536986,month,FALSE
OP018603|MPXV/Germany/2022/RKI178|Germany|2022-07,16,12,4,2022-07-16,2022.536986,month,FALSE
OP018604|MPXV/Germany/2022/RKI179|Germany|2022-07,19,14,5,2022-07-16,2022.536986,month,FALSE
OP018605|MPXV/Germany/2022/RKI182|Germany|2022-07,12,8,4,2022-07-16,2022.536986,month,FALSE
OP018606|MPXV/Germany/2022/RKI184|Germany|2022-07,15,11,4,2022-07-16,2022.536986,month,FALSE
OP018607|MPXV/Germany/2022/RKI185|Germany|2022-07,13,10,3,2022-07-16,2022.536986,month,FALSE
OP019275|hMPXV/Austria/MUW1525179/2022|Austria|2022-06-10,14,10,4,2022-06-10,2022.438356,day,FALSE
OP019276|hMPXV/Austria/MUW1527495/2022|Austria|2022-06-21,13,9,4,2022-06-21,2022.468493,day,FALSE
OP019277|hMPXV/Austria/MUW1531254/2022|Austria|2022-07-04,14,11,3,2022-07-04,2022.50411,day,FALSE
OP022170|MPXV_UK_2022_5|United_Kingdom|2022-05-16,12,9,3,2022-05-16,2022.369863,day,FALSE
OP022171|MPXV_UK_2022_6|United_Kingdom|2022-05,11,8,3,2022-05-16,2022.369863,month,FALSE
OP055800|MpxV/human/USA/UW-WA-0011/2022|USA|2022-07,15,10,5,2022-07-16,2022.536986,month,FALSE
OP055801|MpxV/human/USA/UW-WA-0012/2022|USA|2022-07,12,8,4,2022-07-16,2022.536986,month,FALSE
OP055802|MpxV/human/USA/UW-WA-0014/2022|USA|2022-07,12,8,4,2022-07-16,2022.536986,month,FALSE
OP055803|MpxV/human/USA/UW-WA-0015/2022|USA|2022-07,12,8,4,2022-07-16,2022.536986,month,FALSE
OP055804|MpxV/human/USA/UW-WA-0016/2022|USA|2022-07,11,8,3,2022-07-16,2022.536986,month,FALSE
OP055805|MpxV/human/USA/UW-WA-0018/2022|USA|2022-07,12,8,4,2022-07-16,2022.536986,month,FALSE
OP055806|MpxV/human/USA/UW-WA-0020/2022|USA|2022-07,13,10,3,2022-07-16,2022.536986,month,FALSE
OP055807|MpxV/human/USA/UW-WA-0021/2022|USA|2022-07,14,11,3,2022-07-16,2022.536986,month,FALSE
OP055808|MpxV/human/USA/UW-WA-0022/2022|USA|2022-07,12,9,3,2022-07-16,2022.536986,month,FALSE
OP055809|MpxV/human/USA/UW-WA-0023/2022|USA|2022-07,13,10,3,2022-07-16,2022.536986,month,FALSE
OP062229|MpxV/human/CAN/UN-NML-3817/2022|Canada|2022-06-16,14,11,3,2022-06-16,2022.454795,day,FALSE
OP062230|MpxV/human/CAN/UN-NML-3864/2022|Canada|2022-06-22,12,9,3,2022-06-22,2022.471233,day,FALSE
OP062231|MpxV/human/CAN/UN-NML-3907/2022|Canada|2022-06-27,14,11,3,2022-06-27,2022.484932,day,FALSE
OP062232|MpxV/human/CAN/UN-NML-3909/2022|Canada|2022-06-27,12,9,3,2022-06-27,2022.484932,day,FALSE
OP062233|MpxV/human/CAN/UN-NML-3913/2022|Canada|2022-06-28,11,8,3,2022-06-28,2022.487671,day,FALSE
OP062234|MpxV/human/CAN/UN-NML-3921/2022|Canada|2022-06-29,13,11,2,2022-06-29,2022.490411,day,FALSE
OP062235|MpxV/human/CAN/UN-NML-3934/2022|Canada|2022-06-30,16,13,3,2022-06-30,2022.493151,day,FALSE
OP062236|MpxV/human/CAN/UN-NML-3936/2022|Canada|2022-06-30,18,14,4,2022-06-30,2022.493151,day,FALSE
OP123040|MpxV/human/USA/UW-WA-0026/2022|USA|2022-07,13,10,3,2022-07-16,2022.536986,month,FALSE
OP123041|MpxV/human/USA/UW-WA-0027/2022|USA|2022-07,12,8,4,2022-07-16,2022.536986,month,FALSE
OP123042|MpxV/human/USA/UW-WA-0028/2022|USA|2022-07,13,10,3,2022-07-16,2022.536986,month,FALSE
OP123043|MpxV/human/USA/UW-WA-0029/2022|USA|2022-07,11,8,3,2022-07-16,2022.536986,month,FALSE
OP123044|MpxV/human/USA/UW-WA-0030/2022|USA|2022-07,11,8,3,2022-07-16,2022.536986,month,FALSE
OP123045|MpxV/human/USA/UW-WA-0031/2022|USA|2022-07,14,9,5,2022-07-16,2022.536986,month,FALSE
OP123046|MpxV/human/USA/UW-WA-0032/2022|USA|2022-07,13,9,4,2022-07-16,2022.536986,month,FALSE
OP123047|MpxV/human/USA/UW-WA-0033/2022|USA|2022-07,12,9,3,2022-07-16,2022.536986,month,FALSE
OP123048|MpxV/human/USA/UW-WA-0034/2022|USA|2022-07,11,8,3,2022-07-16,2022.536986,month,FALSE
OP123049|MpxV/human/USA/UW-WA-0035/2022|USA|2022-07,14,11,3,2022-07-16,2022.536986,month,FALSE
OP123050|MpxV/human/USA/UW-WA-0036/2022|USA|2022-07,11,8,3,2022-07-16,2022.536986,month,FALSE
OP123051|MpxV/human/USA/UW-WA-0037/2022|USA|2022-07,14,11,3,2022-07-16,2022.536986,month,FALSE
OP123052|MpxV/human/USA/UW-WA-0038/2022|USA|2022-07,15,10,5,2022-07-16,2022.536986,month,FALSE
OP123053|MpxV/human/USA/UW-WA-0039/2022|USA|2022-07,15,10,5,2022-07-16,2022.536986,month,FALSE
OP123054|MpxV/human/USA/UW-WA-0040/2022|USA|2022-07,15,10,5,2022-07-16,2022.536986,month,FALSE
OP123055|MpxV/human/USA/UW-WA-0041/2022|USA|2022-07,16,12,4,2022-07-16,2022.536986,month,FALSE
OP133005|hMPXV/Austria/MUW1531848/2022|Austria|2022-07-05,12,9,3,2022-07-05,2022.506849,day,FALSE
OP133006|hMPXV/Austria/MUW1532243/2022|Austria|2022-07-06,15,12,3,2022-07-06,2022.509589,day,FALSE
OP133007|hMPXV/Austria/MUW1536480/2022|Austria|2022-07-22,14,10,4,2022-07-22,2022.553425,day,FALSE
OP144211|MPXV/ITM_pt_10/Belgium/1-Jun-2022|Belgium|2022-06-01,12,8,4,2022-06-01,2022.413699,day,FALSE
OP144212|MPXV/ITM_pt_16/Belgium/10-Jun-2022|Belgium|2022-06-10,17,13,4,2022-06-10,2022.438356,day,FALSE
OP144213|MPXV/ITM_pt_24/Belgium/16-Jun-2022|Belgium|2022-06-16,11,8,3,2022-06-16,2022.454795,day,FALSE
OP144214|MPXV/ITM_pt_25/Belgium/16-Jun-2022|Belgium|2022-06-16,16,13,3,2022-06-16,2022.454795,day,FALSE
OP144215|MPXV/ITM_pt_05/Belgium/30-May-2022|Belgium|2022-05-30,11,8,3,2022-05-30,2022.408219,day,FALSE
OP144216|MPXV/ITM_pt_07/Belgium/30-May-2022|Belgium|2022-05-30,11,8,3,2022-05-30,2022.408219,day,FALSE
OP144217|MPXV/ITM_pt_09/Belgium/2-Jun-2022|Belgium|2022-06-02,12,9,3,2022-06-02,2022.416438,day,FALSE
OP150923|MPXV_USA_2022_CA007|USA|2022-06,13,9,4,2022-06-16,2022.454795,month,FALSE
OP150924|MPXV_USA_2022_CA006|USA|2022-06,13,10,3,2022-06-16,2022.454795,month,FALSE
OP150925|MPXV_USA_2022_GA001|USA|2022-05,12,9,3,2022-05-16,2022.369863,month,FALSE
OP150926|MPXV_USA_2022_PA001|USA|2022-05,11,8,3,2022-05-16,2022.369863,month,FALSE
OP150927|MPXV_USA_2022_WA001|USA|2022-05,12,8,4,2022-05-16,2022.369863,month,FALSE
OP160532|hMpxV/Netherlands/NH-AUMC-0001/2022|Netherlands|2022-06,12,8,4,2022-06-16,2022.454795,month,FALSE
OP169336|MpxV/human/USA/UW-WA-0042/2022|USA|2022-07,15,11,4,2022-07-16,2022.536986,month,FALSE
OP169337|MpxV/human/USA/UW-WA-0043/2022|USA|2022-07,14,11,3,2022-07-16,2022.536986,month,FALSE
OP169338|MpxV/human/USA/UW-WA-0044/2022|USA|2022-07,15,12,3,2022-07-16,2022.536986,month,FALSE
OP169339|MpxV/human/USA/UW-WA-0045/2022|USA|2022-07,12,8,4,2022-07-16,2022.536986,month,FALSE
OP169340|MpxV/human/USA/UW-WA-0046/2022|USA|2022-07,14,11,3,2022-07-16,2022.536986,month,FALSE
OP169341|MpxV/human/USA/UW-WA-0047/2022|USA|2022-07,17,13,4,2022-07-16,2022.536986,month,FALSE
OP169342|MpxV/human/USA/UW-WA-0049/2022|USA|2022-07,13,8,5,2022-07-16,2022.536986,month,FALSE
OP169343|MpxV/human/USA/UW-WA-0050/2022|USA|2022-07,13,10,3,2022-07-16,2022.536986,month,FALSE
OP169344|MpxV/human/USA/UW-WA-0051/2022|USA|2022-07,12,8,4,2022-07-16,2022.536986,month,FALSE
OP169345|MpxV/human/USA/UW-WA-0052/2022|USA|2022-07,15,11,4,2022-07-16,2022.536986,month,FALSE
OP169346|MpxV/human/USA/UW-WA-0053/2022|USA|2022-07,12,8,4,2022-07-16,2022.536986,month,FALSE
OP171919|MPXV22/human/USA-NE-25|USA|2022-06-25,18,14,4,2022-06-25,2022.479452,day,FALSE
OP171920|MPXV22/human/USA-NE-31|USA|2022-07-04,18,14,4,2022-07-04,2022.50411,day,FALSE
OP171921|MPXV22/human/USA-NE-43|USA|2022-07-14,12,9,3,2022-07-14,2022.531507,day,FALSE
OP171922|MPXV22/human/USA-NE-44|USA|2022-07-14,12,9,3,2022-07-14,2022.531507,day,FALSE
OP171923|MPXV22/human/USA-NE-48|USA|2022-07-15,17,11,6,2022-07-15,2022.534247,day,FALSE
OP171924|MPXV22/human/USA-NE-63|USA|2022-07-25,12,9,3,2022-07-25,2022.561644,day,FALSE
OP171925|MPXV22/human/USA-NE-75|USA|2022-07-25,18,13,5,2022-07-25,2022.561644,day,FALSE
OP184760|MpxV/human/USA/UW-WA-0056/2022|USA|2022-07,13,10,3,2022-07-16,2022.536986,month,FALSE
OP184761|MpxV/human/USA/UW-WA-0058/2022|USA|2022-07,14,10,4,2022-07-16,2022.536986,month,FALSE
OP184763|MpxV/human/USA/UW-WA-0060/2022|USA|2022-07,12,8,4,2022-07-16,2022.536986,month,FALSE
OP184764|MpxV/human/USA/UW-WA-0061/2022|USA|2022-07,13,9,4,2022-07-16,2022.536986,month,FALSE
OP184765|MpxV/human/USA/UW-WA-0062/2022|USA|2022-07,14,8,6,2022-07-16,2022.536986,month,FALSE
OP185709|MPXV_USA_2022_TX0001|USA|2022-06,12,8,4,2022-06-16,2022.454795,month,FALSE
OP185710|MPXV_USA_2022_NY0007|USA|2022-06,12,8,4,2022-06-16,2022.454795,month,FALSE
OP185711|MPXV_USA_2022_NY0006|USA|2022-06,16,12,4,2022-06-16,2022.454795,month,FALSE
OP185712|MPXV_USA_2022_IL0005|USA|2022-06,15,12,3,2022-06-16,2022.454795,month,FALSE
OP185713|MPXV_USA_2022_FL0004|USA|2022-06,11,8,3,2022-06-16,2022.454795,month,FALSE
OP185714|MPXV_USA_2022_CO0003|USA|2022-06,15,10,5,2022-06-16,2022.454795,month,FALSE
OP185715|MPXV_USA_2022_CO0002|USA|2022-05,12,9,3,2022-05-16,2022.369863,month,FALSE
OP185716|MPXV_USA_2022_CA0005|USA|2022-06,13,9,4,2022-06-16,2022.454795,month,FALSE
OP185717|MPXV_USA_2022_AZ0001|USA|2022-06,12,9,3,2022-06-16,2022.454795,month,FALSE
OP205067|MPXV_UK_2022_9000061|United_Kingdom|2022-05-27,14,11,3,2022-05-27,2022.4,day,FALSE
OP205068|MPXV_UK_2022_9000062|United_Kingdom|2022-06-05,12,9,3,2022-06-05,2022.424658,day,FALSE
OP205069|MPXV_UK_2022_9000063|United_Kingdom|2022-06-06,11,8,3,2022-06-06,2022.427397,day,FALSE
OP205070|MPXV_UK_2022_9000064|United_Kingdom|2022-06-06,12,9,3,2022-06-06,2022.427397,day,FALSE
OP205071|MPXV_UK_2022_9000065|United_Kingdom|2022-06-06,13,10,3,2022-06-06,2022.427397,day,FALSE
OP205072|MPXV_UK_2022_9000066|United_Kingdom|2022-06-07,15,11,4,2022-06-07,2022.430137,day,FALSE
OP205073|MPXV_UK_2022_9000067|United_Kingdom|2022-06-08,15,9,6,2022-06-08,2022.432877,day,FALSE
OP205074|MPXV_UK_2022_9000068|United_Kingdom|2022-06-07,11,8,3,2022-06-07,2022.430137,day,FALSE
OP205075|MPXV_UK_2022_9000069|United_Kingdom|2022-06-11,11,8,3,2022-06-11,2022.441096,day,FALSE
OP205076|MPXV_UK_2022_9000070|United_Kingdom|2022-06-09,13,10,3,2022-06-09,2022.435616,day,FALSE
OP205077|MPXV_UK_2022_9000071|United_Kingdom|2022-06-09,13,9,4,2022-06-09,2022.435616,day,FALSE
OP205078|MPXV_UK_2022_9000072|United_Kingdom|2022-06-09,12,8,4,2022-06-09,2022.435616,day,FALSE
OP205079|MPXV_UK_2022_9000074|United_Kingdom|2022-06-09,17,13,4,2022-06-09,2022.435616,day,FALSE
OP205080|MPXV_UK_2022_9000076|United_Kingdom|2022-06-09,15,11,4,2022-06-09,2022.435616,day,FALSE
OP205081|MPXV_UK_2022_9000078|United_Kingdom|2022-06-14,12,9,3,2022-06-14,2022.449315,day,FALSE
OP205082|MPXV_UK_2022_9000079|United_Kingdom|2022-06-15,13,9,4,2022-06-15,2022.452055,day,FALSE
OP205083|MPXV_UK_2022_9000092|United_Kingdom|2022-05-25,13,8,5,2022-05-25,2022.394521,day,FALSE
OP205084|MPXV_UK_2022_9000093|United_Kingdom|2022-05-30,15,11,4,2022-05-30,2022.408219,day,FALSE
OP205085|MPXV_UK_2022_9000096|United_Kingdom|2022-06-07,11,8,3,2022-06-07,2022.430137,day,FALSE
OP205086|MPXV_UK_2022_9000097|United_Kingdom|2022-06-06,13,8,5,2022-06-06,2022.427397,day,FALSE
OP205087|MPXV_UK_2022_9000099|United_Kingdom|2022-06-09,14,10,4,2022-06-09,2022.435616,day,FALSE
OP205088|MPXV_UK_2022_9000100|United_Kingdom|2022-06-09,12,8,4,2022-06-09,2022.435616,day,FALSE
OP205089|MPXV_UK_2022_9000101|United_Kingdom|2022-06-09,18,13,5,2022-06-09,2022.435616,day,FALSE
OP205090|MPXV_UK_2022_9000102|United_Kingdom|2022-06-13,12,9,3,2022-06-13,2022.446575,day,FALSE
OP205091|MPXV_UK_2022_9000103|United_Kingdom|2022-06-13,13,10,3,2022-06-13,2022.446575,day,FALSE
OP205092|MPXV_UK_2022_9000104|United_Kingdom|2022-06-12,15,11,4,2022-06-12,2022.443836,day,FALSE
OP205093|MPXV_UK_2022_9000105|United_Kingdom|2022-06-14,11,8,3,2022-06-14,2022.449315,day,FALSE
OP205094|MPXV_UK_2022_9000106|United_Kingdom|2022-06-14,14,11,3,2022-06-14,2022.449315,day,FALSE
OP205095|MPXV_UK_2022_9000107|United_Kingdom|2022-06-13,13,8,5,2022-06-13,2022.446575,day,FALSE
OP205096|MPXV_UK_2022_9000108|United_Kingdom|2022-06-14,14,11,3,2022-06-14,2022.449315,day,FALSE
OP205097|MPXV_UK_2022_9000130|United_Kingdom|2022-07-05,16,10,6,2022-07-05,2022.506849,day,FALSE
OP205098|MPXV_UK_2022_9000131|United_Kingdom|2022-07-05,15,12,3,2022-07-05,2022.506849,day,FALSE
OP205099|MPXV_UK_2022_9000133|United_Kingdom|2022-07-05,15,11,4,2022-07-05,2022.506849,day,FALSE
OP205100|MPXV_UK_2022_9000134|United_Kingdom|2022-07-04,14,10,4,2022-07-04,2022.50411,day,FALSE
OP205101|MPXV_UK_2022_9000136|United_Kingdom|2022-07-07,13,9,4,2022-07-07,2022.512329,day,FALSE
OP205102|MPXV_UK_2022_9000137|United_Kingdom|2022-07-07,13,9,4,2022-07-07,2022.512329,day,FALSE
OP205103|MPXV_UK_2022_9000138|United_Kingdom|2022-07-06,13,10,3,2022-07-06,2022.509589,day,FALSE
OP205104|MPXV_UK_2022_9000140|United_Kingdom|2022-07-06,14,10,4,2022-07-06,2022.509589,day,FALSE
OP205105|MPXV_UK_2022_9000142|United_Kingdom|2022-06-15,13,10,3,2022-06-15,2022.452055,day,FALSE
OP205106|MPXV_UK_2022_9000143|United_Kingdom|2022-06-16,12,9,3,2022-06-16,2022.454795,day,FALSE
OP205107|MPXV_UK_2022_9000144|United_Kingdom|2022-06-16,11,8,3,2022-06-16,2022.454795,day,FALSE
OP205108|MPXV_UK_2022_9000145|United_Kingdom|2022-06-16,15,11,4,2022-06-16,2022.454795,day,FALSE
OP205109|MPXV_UK_2022_9000146|United_Kingdom|2022-06-13,13,9,4,2022-06-13,2022.446575,day,FALSE
OP205110|MPXV_UK_2022_9000147|United_Kingdom|2022-06-14,13,10,3,2022-06-14,2022.449315,day,FALSE
OP205111|MPXV_UK_2022_9000148|United_Kingdom|2022-06-14,14,11,3,2022-06-14,2022.449315,day,FALSE
OP205112|MPXV_UK_2022_9000149|United_Kingdom|2022-06-14,14,9,5,2022-06-14,2022.449315,day,FALSE
OP205113|MPXV_UK_2022_9000150|United_Kingdom|2022-06-16,14,10,4,2022-06-16,2022.454795,day,FALSE
OP205114|MPXV_UK_2022_9000152|United_Kingdom|2022-05-16,11,8,3,2022-05-16,2022.369863,day,FALSE
OP205115|MPXV_UK_2022_9000157|United_Kingdom|2022-07-07,12,9,3,2022-07-07,2022.512329,day,FALSE
OP205116|MPXV_UK_2022_9000158|United_Kingdom|2022-07-07,17,13,4,2022-07-07,2022.512329,day,FALSE
OP205117|MPXV_UK_2022_9000159|United_Kingdom|2022-07-04,11,8,3,2022-07-04,2022.50411,day,FALSE
OP205118|MPXV_UK_2022_9000160|United_Kingdom|2022-07-05,16,12,4,2022-07-05,2022.506849,day,FALSE
OP205119|MPXV_UK_2022_9000161|United_Kingdom|2022-07-05,15,12,3,2022-07-05,2022.506849,day,FALSE
OP205120|MPXV_UK_2022_9000162|United_Kingdom|2022-07-07,12,8,4,2022-07-07,2022.512329,day,FALSE
OP205121|MPXV_UK_2022_9000164|United_Kingdom|2022-07-05,16,13,3,2022-07-05,2022.506849,day,FALSE
OP205122|MPXV_UK_2022_9000165|United_Kingdom|2022-07-04,14,11,3,2022-07-04,2022.50411,day,FALSE
OP205123|MPXV_UK_2022_9000167|United_Kingdom|2022-06-30,12,9,3,2022-06-30,2022.493151,day,FALSE
OP205124|MPXV_UK_2022_9000173|United_Kingdom|2022-05-26,13,10,3,2022-05-26,2022.39726,day,FALSE
OP205125|MPXV_UK_2022_9000175|United_Kingdom|2022-06-24,13,10,3,2022-06-24,2022.476712,day,FALSE
OP205126|MPXV_UK_2022_9000177|United_Kingdom|2022-06-26,11,8,3,2022-06-26,2022.482192,day,FALSE
OP205127|MPXV_UK_2022_9000178|United_Kingdom|2022-06-27,16,12,4,2022-06-27,2022.484932,day,FALSE
OP205128|MPXV_UK_2022_9000179|United_Kingdom|2022-06-26,13,9,4,2022-06-26,2022.482192,day,FALSE
OP205129|MPXV_UK_2022_9000184|United_Kingdom|2022-06-30,12,9,3,2022-06-30,2022.493151,day,FALSE
OP205130|MPXV_UK_2022_9000185|United_Kingdom|2022-06-29,14,10,4,2022-06-29,2022.490411,day,FALSE
OP205131|MPXV_UK_2022_9000186|United_Kingdom|2022-06-29,13,9,4,2022-06-29,2022.490411,day,FALSE
OP205132|MPXV_UK_2022_9000187|United_Kingdom|2022-06-28,14,8,6,2022-06-28,2022.487671,day,FALSE
OP205133|MPXV_UK_2022_9000188|United_Kingdom|2022-06-29,15,12,3,2022-06-29,2022.490411,day,FALSE
OP205134|MPXV_UK_2022_9000189|United_Kingdom|2022-07-06,11,8,3,2022-07-06,2022.509589,day,FALSE
OP205135|MPXV_UK_2022_9000190|United_Kingdom|2022-07-06,11,8,3,2022-07-06,2022.509589,day,FALSE
OP205136|MPXV_UK_2022_9000191|United_Kingdom|2022-07-04,12,8,4,2022-07-04,2022.50411,day,FALSE
OP205137|MPXV_UK_2022_9000192|United_Kingdom|2022-07-05,13,10,3,2022-07-05,2022.506849,day,FALSE
OP205138|MPXV_UK_2022_9000195|United_Kingdom|2022-07-06,12,8,4,2022-07-06,2022.509589,day,FALSE
OP205139|MPXV_UK_2022_9000090|United_Kingdom|2022-05-25,11,8,3,2022-05-25,2022.394521,day,FALSE
OP205140|MPXV_UK_2022_9000193|United_Kingdom|2022-07-04,17,12,5,2022-07-04,2022.50411,day,FALSE
OP215204|MPXV/Germany/2022/RKI188|Germany|2022-08,12,9,3,2022-08-16,2022.621918,month,FALSE
OP215205|MPXV/Germany/2022/RKI214|Germany|2022-08,13,10,3,2022-08-16,2022.621918,month,FALSE
OP215206|MPXV/Germany/2022/RKI243|Germany|2022-08,13,10,3,2022-08-16,2022.621918,month,FALSE
OP215207|MPXV/Germany/2022/RKI186|Germany|2022-08,15,11,4,2022-08-16,2022.621918,month,FALSE
OP215208|MPXV/Germany/2022/RKI196|Germany|2022-08,15,10,5,2022-08-16,2022.621918,month,FALSE
OP215209|MPXV/Germany/2022/RKI198|Germany|2022-08,16,12,4,2022-08-16,2022.621918,month,FALSE
OP215210|MPXV/Germany/2022/RKI202|Germany|2022-08,13,10,3,2022-08-16,2022.621918,month,FALSE
OP215211|MPXV/Germany/2022/RKI203|Germany|2022-08,13,9,4,2022-08-16,2022.621918,month,FALSE
OP215212|MPXV/Germany/2022/RKI204|Germany|2022-08,17,12,5,2022-08-16,2022.621918,month,FALSE
OP215213|MPXV/Germany/2022/RKI209|Germany|2022-08,14,10,4,2022-08-16,2022.621918,month,FALSE
OP215214|MPXV/Germany/2022/RKI212|Germany|2022-08,13,10,3,2022-08-16,2022.621918,month,FALSE
OP215217|MPXV/Germany/2022/RKI218|Germany|2022-08,13,10,3,2022-08-16,2022.621918,month,FALSE
OP215218|MPXV/Germany/2022/RKI219|Germany|2022-08,11,8,3,2022-08-16,2022.621918,month,FALSE
OP215219|MPXV/Germany/2022/RKI223|Germany|2022-08,12,9,3,2022-08-16,2022.621918,month,FALSE
OP215220|MPXV/Germany/2022/RKI224|Germany|2022-08,12,9,3,2022-08-16,2022.621918,month,FALSE
OP215221|MPXV/Germany/2022/RKI229|Germany|2022-08,19,16,3,2022-08-16,2022.621918,month,FALSE
OP215222|MPXV/Germany/2022/RKI231|Germany|2022-08,12,8,4,2022-08-16,2022.621918,month,FALSE
OP215223|MPXV/Germany/2022/RKI234|Germany|2022-08,12,8,4,2022-08-16,2022.621918,month,FALSE
OP215224|MPXV/Germany/2022/RKI235|Germany|2022-08,12,9,3,2022-08-16,2022.621918,month,FALSE
OP215225|MPXV/Germany/2022/RKI240|Germany|2022-08,15,12,3,2022-08-16,2022.621918,month,FALSE
OP215226|MPXV/Germany/2022/RKI241|Germany|2022-08,16,13,3,2022-08-16,2022.621918,month,FALSE
OP215227|MPXV/Germany/2022/RKI242|Germany|2022-08,15,12,3,2022-08-16,2022.621918,month,FALSE
OP215228|MPXV/Germany/2022/RKI249|Germany|2022-08,14,10,4,2022-08-16,2022.621918,month,FALSE
OP215229|MPXV/Germany/2022/RKI250|Germany|2022-08,13,9,4,2022-08-16,2022.621918,month,FALSE
OP215230|MPXV/Germany/2022/RKI187|Germany|2022-08,15,12,3,2022-08-16,2022.621918,month,FALSE
OP215231|MPXV/Germany/2022/RKI189|Germany|2022-08,13,10,3,2022-08-16,2022.621918,month,FALSE
OP215233|MPXV/Germany/2022/RKI191|Germany|2022-08,13,9,4,2022-08-16,2022.621918,month,FALSE
OP215234|MPXV/Germany/2022/RKI192|Germany|2022-08,13,10,3,2022-08-16,2022.621918,month,FALSE
OP215235|MPXV/Germany/2022/RKI193|Germany|2022-08,13,9,4,2022-08-16,2022.621918,month,FALSE
OP215236|MPXV/Germany/2022/RKI194|Germany|2022-08,12,9,3,2022-08-16,2022.621918,month,FALSE
OP215237|MPXV/Germany/2022/RKI195|Germany|2022-08,12,8,4,2022-08-16,2022.621918,month,FALSE
OP215238|MPXV/Germany/2022/RKI197|Germany|2022-08,13,9,4,2022-08-16,2022.621918,month,FALSE
OP215239|MPXV/Germany/2022/RKI199|Germany|2022-08,11,8,3,2022-08-16,2022.621918,month,FALSE
OP215240|MPXV/Germany/2022/RKI200|Germany|2022-08,16,12,4,2022-08-16,2022.621918,month,FALSE
OP215241|MPXV/Germany/2022/RKI201|Germany|2022-08,16,13,3,2022-08-16,2022.621918,month,FALSE
OP215242|MPXV/Germany/2022/RKI205|Germany|2022-08,18,14,4,2022-08-16,2022.621918,month,FALSE
OP215243|MPXV/Germany/2022/RKI206|Germany|2022-08,14,11,3,2022-08-16,2022.621918,month,FALSE
OP215244|MPXV/Germany/2022/RKI207|Germany|2022-08,12,9,3,2022-08-16,2022.621918,month,FALSE
OP215245|MPXV/Germany/2022/RKI208|Germany|2022-08,13,9,4,2022-08-16,2022.621918,month,FALSE
OP215246|MPXV/Germany/2022/RKI210|Germany|2022-08,12,9,3,2022-08-16,2022.621918,month,FALSE
OP215247|MPXV/Germany/2022/RKI211|Germany|2022-08,13,9,4,2022-08-16,2022.621918,month,FALSE
OP215248|MPXV/Germany/2022/RKI215|Germany|2022-08,15,11,4,2022-08-16,2022.621918,month,FALSE
OP215249|MPXV/Germany/2022/RKI216|Germany|2022-08,11,8,3,2022-08-16,2022.621918,month,FALSE
OP215250|MPXV/Germany/2022/RKI220|Germany|2022-08,17,13,4,2022-08-16,2022.621918,month,FALSE
OP215251|MPXV/Germany/2022/RKI221|Germany|2022-08,14,11,3,2022-08-16,2022.621918,month,FALSE
OP215252|MPXV/Germany/2022/RKI222|Germany|2022-08,17,13,4,2022-08-16,2022.621918,month,FALSE
OP215253|MPXV/Germany/2022/RKI225|Germany|2022-08,12,9,3,2022-08-16,2022.621918,month,FALSE
OP215254|MPXV/Germany/2022/RKI226|Germany|2022-08,13,9,4,2022-08-16,2022.621918,month,FALSE
OP215255|MPXV/Germany/2022/RKI227|Germany|2022-08,14,10,4,2022-08-16,2022.621918,month,FALSE
OP215256|MPXV/Germany/2022/RKI228|Germany|2022-08,15,10,5,2022-08-16,2022.621918,month,FALSE
OP215257|MPXV/Germany/2022/RKI230|Germany|2022-08,16,11,5,2022-08-16,2022.621918,month,FALSE
OP215258|MPXV/Germany/2022/RKI232|Germany|2022-08,15,11,4,2022-08-16,2022.621918,month,FALSE
OP215259|MPXV/Germany/2022/RKI233|Germany|2022-08,12,9,3,2022-08-16,2022.621918,month,FALSE
OP215260|MPXV/Germany/2022/RKI236|Germany|2022-08,15,12,3,2022-08-16,2022.621918,month,FALSE
OP215261|MPXV/Germany/2022/RKI237|Germany|2022-08,19,13,6,2022-08-16,2022.621918,month,FALSE
OP215262|MPXV/Germany/2022/RKI238|Germany|2022-08,14,9,5,2022-08-16,2022.621918,month,FALSE
OP215263|MPXV/Germany/2022/RKI239|Germany|2022-08,16,13,3,2022-08-16,2022.621918,month,FALSE
OP215264|MPXV/Germany/2022/RKI244|Germany|2022-08,12,8,4,2022-08-16,2022.621918,month,FALSE
OP215265|MPXV/Germany/2022/RKI245|Germany|2022-08,15,12,3,2022-08-16,2022.621918,month,FALSE
OP215266|MPXV/Germany/2022/RKI246|Germany|2022-08,14,11,3,2022-08-16,2022.621918,month,FALSE
OP215267|MPXV/Germany/2022/RKI247|Germany|2022-08,15,11,4,2022-08-16,2022.621918,month,FALSE
OP215268|MPXV/Germany/2022/RKI248|Germany|2022-08,14,8,6,2022-08-16,2022.621918,month,FALSE
OP215269|MPXV/Germany/2022/RKI252|Germany|2022-08,16,13,3,2022-08-16,2022.621918,month,FALSE
OP215270|MPXV/Germany/2022/RKI255|Germany|2022-08,12,9,3,2022-08-16,2022.621918,month,FALSE
OP215271|MPXV/Germany/2022/RKI269|Germany|2022-08,13,10,3,2022-08-16,2022.621918,month,FALSE
OP215272|MPXV/Germany/2022/RKI253|Germany|2022-08,16,11,5,2022-08-16,2022.621918,month,FALSE
OP215273|MPXV/Germany/2022/RKI251|Germany|2022-08,17,13,4,2022-08-16,2022.621918,month,FALSE
OP215274|MPXV/Germany/2022/RKI254|Germany|2022-08,17,12,5,2022-08-16,2022.621918,month,FALSE
OP215275|MPXV/Germany/2022/RKI256|Germany|2022-08,13,9,4,2022-08-16,2022.621918,month,FALSE
OP215276|MPXV/Germany/2022/RKI257|Germany|2022-08,16,11,5,2022-08-16,2022.621918,month,FALSE
OP215277|MPXV/Germany/2022/RKI258|Germany|2022-08,16,13,3,2022-08-16,2022.621918,month,FALSE
OP215278|MPXV/Germany/2022/RKI259|Germany|2022-08,16,12,4,2022-08-16,2022.621918,month,FALSE
OP215279|MPXV/Germany/2022/RKI260|Germany|2022-08,18,12,6,2022-08-16,2022.621918,month,FALSE
OP215280|MPXV/Germany/2022/RKI261|Germany|2022-08,16,10,6,2022-08-16,2022.621918,month,FALSE
OP215281|MPXV/Germany/2022/RKI262|Germany|2022-08,12,9,3,2022-08-16,2022.621918,month,FALSE
OP215282|MPXV/Germany/2022/RKI263|Germany|2022-08,16,13,3,2022-08-16,2022.621918,month,FALSE
OP215283|MPXV/Germany/2022/RKI264|Germany|2022-08,12,9,3,2022-08-16,2022.621918,month,FALSE
OP215284|MPXV/Germany/2022/RKI265|Germany|2022-08,14,11,3,2022-08-16,2022.621918,month,FALSE
OP215285|MPXV/Germany/2022/RKI266|Germany|2022-08,13,10,3,2022-08-16,2022.621918,month,FALSE
OP215286|MPXV/Germany/2022/RKI267|Germany|2022-08,14,11,3,2022-08-16,2022.621918,month,FALSE
OP215287|MPXV/Germany/2022/RKI268|Germany|2022-08,13,9,4,2022-08-16,2022.621918,month,FALSE
OP215288|MPXV/Germany/2022/RKI270|Germany|2022-08,19,15,4,2022-08-16,2022.621918,month,FALSE
OP225960|MPXV_USA_2022_NY0013|USA|2022-06,15,11,4,2022-06-16,2022.454795,month,FALSE
OP225961|MPXV_USA_2022_VA0002|USA|2022-06,12,9,3,2022-06-16,2022.454795,month,FALSE
OP225962|MPXV_USA_2022_IL0020|USA|2022-06,13,10,3,2022-06-16,2022.454795,month,FALSE
OP225963|MPXV_USA_2022_CO0006|USA|2022-06,13,10,3,2022-06-16,2022.454795,month,FALSE
OP225964|MPXV_USA_2022_IL0024|USA|2022-06,15,11,4,2022-06-16,2022.454795,month,FALSE
OP225965|MPXV_USA_2022_FL0012|USA|2022-06,14,11,3,2022-06-16,2022.454795,month,FALSE
OP225966|MPXV_USA_2022_IL0023|USA|2022-06,15,12,3,2022-06-16,2022.454795,month,FALSE
OP225967|MPXV_USA_2022_FL0011|USA|2022-06,14,11,3,2022-06-16,2022.454795,month,FALSE
OP225968|MPXV_USA_2022_DC0005|USA|2022-06,12,9,3,2022-06-16,2022.454795,month,FALSE
OP225969|MPXV_USA_2022_IL0025|USA|2022-06,11,8,3,2022-06-16,2022.454795,month,FALSE
OP226139|MpxV/human/CAN/UN-NML-4050/2022|Canada|2022-07-11,14,11,3,2022-07-11,2022.523288,day,FALSE
OP245306|MPX/PT0049/2022|Portugal|2022-08-01,13,9,4,2022-08-01,2022.580822,day,FALSE
OP245307|MPX/PT0050/2022|Portugal|2022-08-01,15,12,3,2022-08-01,2022.580822,day,FALSE
OP245308|MPX/PT0051/2022|Portugal|2022-07-31,11,8,3,2022-07-31,2022.578082,day,FALSE
OP245309|MPX/PT0052/2022|Portugal|2022-07-30,16,12,4,2022-07-30,2022.575342,day,FALSE
OP245310|MPX/PT0053/2022|Portugal|2022-08-01,16,11,5,2022-08-01,2022.580822,day,FALSE
OP245311|MPX/PT0055/2022|Portugal|2022-07-28,13,10,3,2022-07-28,2022.569863,day,FALSE
OP245312|MPX/PT0056/2022|Portugal|2022-07-29,13,9,4,2022-07-29,2022.572603,day,FALSE
OP245313|MPX/PT0057/2022|Portugal|2022-07-28,11,8,3,2022-07-28,2022.569863,day,FALSE
OP245314|MPX/PT0058/2022|Portugal|2022-07-28,13,10,3,2022-07-28,2022.569863,day,FALSE
OP245316|MPX/PT0062/2022|Portugal|2022-08-01,12,9,3,2022-08-01,2022.580822,day,FALSE
OP245317|MPX/PT0063/2022|Portugal|2022-07-31,12,9,3,2022-07-31,2022.578082,day,FALSE
OP245318|MPX/PT0064/2022|Portugal|2022-08-01,16,13,3,2022-08-01,2022.580822,day,FALSE
OP245319|MPX/PT0065/2022|Portugal|2022-07-27,15,12,3,2022-07-27,2022.567123,day,FALSE
OP245320|MPX/PT0066/2022|Portugal|2022-07-27,14,11,3,2022-07-27,2022.567123,day,FALSE
OP245321|MPX/PT0067/2022|Portugal|2022-07-26,15,11,4,2022-07-26,2022.564384,day,FALSE
OP245322|MPX/PT0068/2022|Portugal|2022-07-25,15,12,3,2022-07-25,2022.561644,day,FALSE
OP245323|MPX/PT0069/2022|Portugal|2022-07-27,11,8,3,2022-07-27,2022.567123,day,FALSE
OP245324|MPX/PT0070/2022|Portugal|2022-07-26,11,8,3,2022-07-26,2022.564384,day,FALSE
OP245325|MPX/PT0071/2022|Portugal|2022-07-26,15,11,4,2022-07-26,2022.564384,day,FALSE
OP245326|MPX/PT0072/2022|Portugal|2022-07-27,12,9,3,2022-07-27,2022.567123,day,FALSE
OP245327|MPX/PT0073/2022|Portugal|2022-07-27,13,10,3,2022-07-27,2022.567123,day,FALSE
OP245328|MPX/PT0074/2022|Portugal|2022-07-27,12,8,4,2022-07-27,2022.567123,day,FALSE
OP245329|MPX/PT0075/2022|Portugal|2022-07-22,12,9,3,2022-07-22,2022.553425,day,FALSE
OP245330|MPX/PT0076/2022|Portugal|2022-07-23,14,10,4,2022-07-23,2022.556164,day,FALSE
OP245331|MPX/PT0077/2022|Portugal|2022-07-28,17,13,4,2022-07-28,2022.569863,day,FALSE
OP245332|MPX/PT0078/2022|Portugal|2022-07-26,20,17,3,2022-07-26,2022.564384,day,FALSE
OP245333|MPX/PT0080/2022|Portugal|2022-07-26,14,11,3,2022-07-26,2022.564384,day,FALSE
OP245334|MPX/PT0081/2022|Portugal|2022-07-23,15,12,3,2022-07-23,2022.556164,day,FALSE
OP245335|MPX/PT0084/2022|Portugal|2022-07-22,12,8,4,2022-07-22,2022.553425,day,FALSE
OP245336|MPX/PT0085/2022|Portugal|2022-07-21,11,8,3,2022-07-21,2022.550685,day,FALSE
OP245337|MPX/PT0086/2022|Portugal|2022-07-21,14,11,3,2022-07-21,2022.550685,day,FALSE
OP245338|MPX/PT0088/2022|Portugal|2022-07-20,10,7,3,2022-07-20,2022.547945,day,FALSE
OP245339|MPX/PT0089/2022|Portugal|2022-07-18,12,9,3,2022-07-18,2022.542466,day,FALSE
OP245340|MPX/PT0090/2022|Portugal|2022-07-21,11,8,3,2022-07-21,2022.550685,day,FALSE
OP245341|MPX/PT0098/2022|Portugal|2022-07-20,14,10,4,2022-07-20,2022.547945,day,FALSE
OP245342|MPX/PT0108/2022|Portugal|2022-07-18,16,12,4,2022-07-18,2022.542466,day,FALSE
OP245343|MPX/PT0109/2022|Portugal|2022-07-18,12,9,3,2022-07-18,2022.542466,day,FALSE
OP245344|MPX/PT0110/2022|Portugal|2022-07-15,14,8,6,2022-07-15,2022.534247,day,FALSE
OP245345|MPX/PT0111/2022|Portugal|2022-07-15,12,9,3,2022-07-15,2022.534247,day,FALSE
OP245346|MPX/PT0112/2022|Portugal|2022-07-15,11,8,3,2022-07-15,2022.534247,day,FALSE
OP245347|MPX/PT0113/2022|Portugal|2022-07-15,14,9,5,2022-07-15,2022.534247,day,FALSE
OP245348|MPX/PT0114/2022|Portugal|2022-07-15,15,11,4,2022-07-15,2022.534247,day,FALSE
OP245349|MPX/PT0115/2022|Portugal|2022-07-14,14,11,3,2022-07-14,2022.531507,day,FALSE
OP245350|MPX/PT0117/2022|Portugal|2022-07-14,14,11,3,2022-07-14,2022.531507,day,FALSE
OP245351|MPX/PT0118/2022|Portugal|2022-07-13,14,9,5,2022-07-13,2022.528767,day,FALSE
OP245352|MPX/PT0119/2022|Portugal|2022-07-13,14,8,6,2022-07-13,2022.528767,day,FALSE
OP245354|MPX/PT0121/2022|Portugal|2022-07-14,11,8,3,2022-07-14,2022.531507,day,FALSE
OP245355|MPX/PT0122/2022|Portugal|2022-07-15,16,12,4,2022-07-15,2022.534247,day,FALSE
OP245356|MPX/PT0123/2022|Portugal|2022-07-13,13,10,3,2022-07-13,2022.528767,day,FALSE
OP245357|MPX/PT0124/2022|Portugal|2022-07-14,18,15,3,2022-07-14,2022.531507,day,FALSE
OP245358|MPX/PT0125/2022|Portugal|2022-07-14,12,9,3,2022-07-14,2022.531507,day,FALSE
OP245359|MPX/PT0126/2022|Portugal|2022-07-14,11,8,3,2022-07-14,2022.531507,day,FALSE
OP245360|MPX/PT0127/2022|Portugal|2022-07-12,14,11,3,2022-07-12,2022.526027,day,FALSE
OP245361|MPX/PT0128/2022|Portugal|2022-07-12,11,8,3,2022-07-12,2022.526027,day,FALSE
OP257243|MpxV/human/USA/UW-WA-0063/2022|USA|2022-08,15,11,4,2022-08-16,2022.621918,month,FALSE
OP257244|MpxV/human/USA/UW-WA-0065/2022|USA|2022-08,11,8,3,2022-08-16,2022.621918,month,FALSE
OP257245|MpxV/human/USA/UW-WA-0068/2022|USA|2022-08,11,8,3,2022-08-16,2022.621918,month,FALSE
OP257246|MpxV/human/USA/UW-WA-0069/2022|USA|2022-08,11,8,3,2022-08-16,2022.621918,month,FALSE
OP257247|MpxV/human/USA/UW-WA-0070/2022|USA|2022-08,12,8,4,2022-08-16,2022.621918,month,FALSE
OP257248|MpxV/human/USA/UW-WA-0071/2022|USA|2022-08,14,9,5,2022-08-16,2022.621918,month,FALSE
OP257249|MpxV/human/USA/UW-WA-0075/2022|USA|2022-08,11,8,3,2022-08-16,2022.621918,month,FALSE
OP257251|MpxV/human/USA/UW-WA-0078/2022|USA|2022-08,15,11,4,2022-08-16,2022.621918,month,FALSE
OP257252|MpxV/human/USA/UW-WA-0079/2022|USA|2022-08,14,11,3,2022-08-16,2022.621918,month,FALSE
OP257253|MpxV/human/USA/UW-WA-0080/2022|USA|2022-08,12,8,4,2022-08-16,2022.621918,month,FALSE
OP257254|MpxV/human/USA/UW-WA-0083/2022|USA|2022-08,13,10,3,2022-08-16,2022.621918,month,FALSE
OP257255|MpxV/human/USA/UW-WA-0084/2022|USA|2022-08,12,8,4,2022-08-16,2022.621918,month,FALSE
OP257256|MpxV/human/USA/UW-WA-0086/2022|USA|2022-08,12,8,4,2022-08-16,2022.621918,month,FALSE
OP257257|MpxV/human/USA/UW-WA-0088/2022|USA|2022-08,13,9,4,2022-08-16,2022.621918,month,FALSE
OP257258|MpxV/human/USA/UW-WA-0089/2022|USA|2022-08,15,12,3,2022-08-16,2022.621918,month,FALSE
OP257260|MpxV/human/USA/UW-WA-0091/2022|USA|2022-08,11,8,3,2022-08-16,2022.621918,month,FALSE
OP257261|MpxV/human/USA/UW-WA-0092/2022|USA|2022-08,13,10,3,2022-08-16,2022.621918,month,FALSE
OP257262|MpxV/human/USA/UW-WA-0093/2022|USA|2022-08,15,12,3,2022-08-16,2022.621918,month,FALSE
OP257263|MpxV/human/USA/UW-WA-0094/2022|USA|2022-08,11,8,3,2022-08-16,2022.621918,month,FALSE
OP257264|MpxV/human/USA/UW-WA-0095/2022|USA|2022-08,11,8,3,2022-08-16,2022.621918,month,FALSE
OP257265|MpxV/human/USA/UW-WA-0097/2022|USA|2022-08,15,12,3,2022-08-16,2022.621918,month,FALSE
OP257266|MpxV/human/USA/UW-WA-0098/2022|USA|2022-08,11,8,3,2022-08-16,2022.621918,month,FALSE
OP257267|MpxV/human/USA/UW-WA-00101/2022|USA|2022-08,16,13,3,2022-08-16,2022.621918,month,FALSE
OP263626|MPXV/Germany/2022/RKI272|Germany|2022-08,13,10,3,2022-08-16,2022.621918,month,FALSE
OP263627|MPXV/Germany/2022/RKI272|Germany|2022-08,15,12,3,2022-08-16,2022.621918,month,FALSE
OP263628|MPXV/Germany/2022/RKI274|Germany|2022-08,16,10,6,2022-08-16,2022.621918,month,FALSE
OP263629|MPXV/Germany/2022/RKI273|Germany|2022-08,12,9,3,2022-08-16,2022.621918,month,FALSE
OP263630|MPXV/Germany/2022/RKI275|Germany|2022-08,17,13,4,2022-08-16,2022.621918,month,FALSE
OP263631|MPXV/Germany/2022/RKI276|Germany|2022-08,12,9,3,2022-08-16,2022.621918,month,FALSE
OP263632|MPXV/Germany/2022/RKI277|Germany|2022-08,11,8,3,2022-08-16,2022.621918,month,FALSE
OP263633|MPXV/Germany/2022/RKI278|Germany|2022-08,14,11,3,2022-08-16,2022.621918,month,FALSE
OP263634|MPXV/Germany/2022/RKI279|Germany|2022-08,14,10,4,2022-08-16,2022.621918,month,FALSE
OP263635|MPXV/Germany/2022/RKI280|Germany|2022-08,12,9,3,2022-08-16,2022.621918,month,FALSE
OP263636|MPXV/Germany/2022/RKI281|Germany|2022-08,15,10,5,2022-08-16,2022.621918,month,FALSE
OX248696|RNA|Slovakia|2022-07-04,16,13,3,2022-07-04,2022.50411,day,FALSE
OX261748|RNA|Slovakia|2022-07-13,11,8,3,2022-07-13,2022.528767,day,FALSE
OX261749|RNA|Slovakia|2022-07-20,12,9,3,2022-07-20,2022.547945,day,FALSE
ON782054|MPXV/Spain/HUNSC_ITER_0001a/2022|Spain|2022-05-31,15,10,5,2022-05-31,2022.410959,day,FALSE
ON676708|USA_2021_MD|USA|2021-11-16,3,2,1,2021-11-16,2021.873973,day,TRUE