position,rel_position,base
1,-3,C
2,-2,A
3,-1,T
4,0,C
5,1,G
6,2,T
7,3,C
1,-3,G
2,-2,A
3,-1,T
4,0,C
5,1,G
6,2,T
7,3,A
1,-3,A
2,-2,C
3,-1,T
4,0,C
5,1,T
6,2,G
7,3,G
1,-3,C
2,-2,T
3,-1,T
4,0,C
5,1,G
6,2,C
7,3,C
1,-3,T
2,-2,T
3,-1,T
4,0,C
5,1,A
6,2,A
7,3,C
1,-3,C
2,-2,A
3,-1,T
4,0,C
5,1,G
6,2,A
7,3,G
1,-3,C
2,-2,C
3,-1,T
4,0,C
5,1,T
6,2,C
7,3,T
1,-3,A
2,-2,A
3,-1,T
4,0,C
5,1,C
6,2,A
7,3,A
1,-3,G
2,-2,G
3,-1,T
4,0,C
5,1,A
6,2,A
7,3,T
1,-3,A
2,-2,G
3,-1,T
4,0,C
5,1,T
6,2,G
7,3,C
1,-3,C
2,-2,A
3,-1,T
4,0,C
5,1,A
6,2,G
7,3,T
1,-3,T
2,-2,C
3,-1,T
4,0,C
5,1,T
6,2,C
7,3,T
1,-3,A
2,-2,T
3,-1,T
4,0,C
5,1,A
6,2,G
7,3,A
1,-3,A
2,-2,A
3,-1,T
4,0,C
5,1,A
6,2,T
7,3,T
1,-3,C
2,-2,C
3,-1,T
4,0,C
5,1,G
6,2,T
7,3,T
1,-3,C
2,-2,T
3,-1,T
4,0,C
5,1,G
6,2,G
7,3,T
1,-3,A
2,-2,A
3,-1,T
4,0,C
5,1,A
6,2,G
7,3,T
1,-3,T
2,-2,C
3,-1,T
4,0,C
5,1,T
6,2,A
7,3,A
1,-3,A
2,-2,T
3,-1,T
4,0,C
5,1,A
6,2,G
7,3,T
1,-3,G
2,-2,G
3,-1,T
4,0,C
5,1,A
6,2,A
7,3,C
1,-3,T
2,-2,T
3,-1,T
4,0,C
5,1,G
6,2,T
7,3,A
1,-3,A
2,-2,A
3,-1,T
4,0,C
5,1,A
6,2,A
7,3,T
1,-3,T
2,-2,C
3,-1,T
4,0,C
5,1,T
6,2,A
7,3,G
1,-3,C
2,-2,G
3,-1,G
4,0,C
5,1,G
6,2,A
7,3,T
1,-3,G
2,-2,A
3,-1,T
4,0,C
5,1,G
6,2,G
7,3,C
1,-3,T
2,-2,A
3,-1,T
4,0,C
5,1,T
6,2,C
7,3,A
1,-3,T
2,-2,A
3,-1,T
4,0,C
5,1,T
6,2,A
7,3,T
1,-3,T
2,-2,C
3,-1,T
4,0,C
5,1,G
6,2,T
7,3,G
1,-3,T
2,-2,A
3,-1,T
4,0,C
5,1,C
6,2,G
7,3,A
1,-3,T
2,-2,C
3,-1,T
4,0,C
5,1,T
6,2,A
7,3,T
1,-3,A
2,-2,T
3,-1,T
4,0,C
5,1,C
6,2,C
7,3,G
1,-3,T
2,-2,T
3,-1,T
4,0,C
5,1,G
6,2,G
7,3,A
1,-3,A
2,-2,C
3,-1,T
4,0,C
5,1,C
6,2,A
7,3,T
1,-3,T
2,-2,G
3,-1,G
4,0,C
5,1,A
6,2,C
7,3,A
1,-3,T
2,-2,A
3,-1,T
4,0,C
5,1,G
6,2,T
7,3,G
1,-3,C
2,-2,C
3,-1,T
4,0,C
5,1,G
6,2,T
7,3,A
1,-3,C
2,-2,A
3,-1,T
4,0,C
5,1,G
6,2,G
7,3,C
1,-3,A
2,-2,T
3,-1,T
4,0,C
5,1,G
6,2,A
7,3,A
1,-3,A
2,-2,T
3,-1,T
4,0,C
5,1,A
6,2,G
7,3,G
1,-3,C
2,-2,A
3,-1,T
4,0,C
5,1,G
6,2,T
7,3,C
1,-3,T
2,-2,T
3,-1,A
4,0,C
5,1,A
6,2,G
7,3,T
1,-3,T
2,-2,A
3,-1,T
4,0,C
5,1,A
6,2,A
7,3,A
1,-3,A
2,-2,A
3,-1,T
4,0,C
5,1,A
6,2,A
7,3,C
1,-3,A
2,-2,A
3,-1,T
4,0,C
5,1,A
6,2,C
7,3,T
1,-3,T
2,-2,C
3,-1,T
4,0,C
5,1,C
6,2,T
7,3,A
1,-3,T
2,-2,C
3,-1,T
4,0,C
5,1,A
6,2,G
7,3,T
1,-3,C
2,-2,T
3,-1,T
4,0,C
5,1,T
6,2,G
7,3,G
1,-3,T
2,-2,G
3,-1,C
4,0,C
5,1,A
6,2,T
7,3,T
1,-3,C
2,-2,G
3,-1,T
4,0,C
5,1,T
6,2,T
7,3,C
1,-3,C
2,-2,C
3,-1,T
4,0,C
5,1,G
6,2,A
7,3,A
1,-3,A
2,-2,C
3,-1,T
4,0,C
5,1,A
6,2,G
7,3,C
1,-3,C
2,-2,A
3,-1,T
4,0,C
5,1,A
6,2,C
7,3,G
1,-3,T
2,-2,C
3,-1,T
4,0,C
5,1,C
6,2,A
7,3,T
1,-3,G
2,-2,G
3,-1,G
4,0,C
5,1,G
6,2,T
7,3,T
1,-3,C
2,-2,G
3,-1,T
4,0,C
5,1,G
6,2,T
7,3,G
1,-3,T
2,-2,C
3,-1,T
4,0,C
5,1,G
6,2,T
7,3,C
1,-3,C
2,-2,T
3,-1,T
4,0,C
5,1,G
6,2,T
7,3,A
1,-3,T
2,-2,C
3,-1,T
4,0,C
5,1,A
6,2,T
7,3,A
1,-3,G
2,-2,T
3,-1,T
4,0,C
5,1,A
6,2,T
7,3,G
1,-3,T
2,-2,G
3,-1,T
4,0,C
5,1,T
6,2,T
7,3,T
1,-3,C
2,-2,C
3,-1,T
4,0,C
5,1,G
6,2,C
7,3,A
1,-3,T
2,-2,C
3,-1,T
4,0,C
5,1,A
6,2,A
7,3,C
1,-3,C
2,-2,A
3,-1,T
4,0,C
5,1,A
6,2,C
7,3,G
1,-3,G
2,-2,A
3,-1,T
4,0,C
5,1,T
6,2,A
7,3,G
1,-3,T
2,-2,A
3,-1,T
4,0,C
5,1,A
6,2,T
7,3,G
1,-3,T
2,-2,C
3,-1,T
4,0,C
5,1,A
6,2,T
7,3,T
1,-3,T
2,-2,A
3,-1,A
4,0,C
5,1,G
6,2,G
7,3,C
1,-3,C
2,-2,C
3,-1,T
4,0,C
5,1,A
6,2,T
7,3,T
1,-3,T
2,-2,G
3,-1,T
4,0,C
5,1,G
6,2,A
7,3,C
1,-3,A
2,-2,A
3,-1,T
4,0,C
5,1,A
6,2,G
7,3,A
1,-3,T
2,-2,T
3,-1,T
4,0,C
5,1,G
6,2,A
7,3,T
1,-3,T
2,-2,A
3,-1,T
4,0,C
5,1,A
6,2,T
7,3,T
1,-3,A
2,-2,T
3,-1,T
4,0,C
5,1,G
6,2,A
7,3,A
1,-3,T
2,-2,A
3,-1,T
4,0,C
5,1,G
6,2,T
7,3,G
1,-3,T
2,-2,A
3,-1,T
4,0,C
5,1,T
6,2,A
7,3,T
1,-3,T
2,-2,G
3,-1,G
4,0,C
5,1,G
6,2,A
7,3,C
1,-3,T
2,-2,T
3,-1,T
4,0,C
5,1,T
6,2,T
7,3,T
1,-3,T
2,-2,A
3,-1,T
4,0,C
5,1,T
6,2,T
7,3,T
1,-3,T
2,-2,C
3,-1,T
4,0,C
5,1,G
6,2,A
7,3,C
1,-3,T
2,-2,T
3,-1,T
4,0,C
5,1,T
6,2,T
7,3,A
1,-3,C
2,-2,C
3,-1,T
4,0,C
5,1,G
6,2,C
7,3,C
1,-3,A
2,-2,A
3,-1,T
4,0,C
5,1,G
6,2,T
7,3,A
1,-3,A
2,-2,C
3,-1,T
4,0,C
5,1,T
6,2,G
7,3,A
1,-3,T
2,-2,C
3,-1,T
4,0,C
5,1,T
6,2,C
7,3,A
1,-3,T
2,-2,T
3,-1,T
4,0,C
5,1,A
6,2,T
7,3,C
1,-3,A
2,-2,A
3,-1,T
4,0,C
5,1,A
6,2,A
7,3,G
1,-3,T
2,-2,C
3,-1,T
4,0,C
5,1,G
6,2,A
7,3,A
1,-3,A
2,-2,G
3,-1,T
4,0,C
5,1,G
6,2,T
7,3,T
1,-3,A
2,-2,G
3,-1,T
4,0,C
5,1,T
6,2,T
7,3,A
1,-3,C
2,-2,T
3,-1,T
4,0,C
5,1,C
6,2,A
7,3,G
1,-3,C
2,-2,A
3,-1,T
4,0,C
5,1,G
6,2,G
7,3,A
1,-3,T
2,-2,A
3,-1,T
4,0,C
5,1,G
6,2,A
7,3,C
1,-3,T
2,-2,A
3,-1,T
4,0,C
5,1,G
6,2,T
7,3,G
1,-3,A
2,-2,T
3,-1,T
4,0,C
5,1,G
6,2,G
7,3,A
1,-3,T
2,-2,C
3,-1,T
4,0,C
5,1,A
6,2,T
7,3,C
1,-3,T
2,-2,T
3,-1,T
4,0,C
5,1,G
6,2,C
7,3,A
1,-3,C
2,-2,T
3,-1,T
4,0,C
5,1,C
6,2,G
7,3,G
1,-3,G
2,-2,T
3,-1,T
4,0,C
5,1,A
6,2,G
7,3,T
1,-3,C
2,-2,A
3,-1,T
4,0,C
5,1,G
6,2,C
7,3,C
1,-3,T
2,-2,C
3,-1,T
4,0,C
5,1,A
6,2,A
7,3,T
1,-3,A
2,-2,G
3,-1,T
4,0,C
5,1,A
6,2,G
7,3,A
1,-3,T
2,-2,T
3,-1,T
4,0,C
5,1,T
6,2,C
7,3,A
1,-3,T
2,-2,G
3,-1,T
4,0,C
5,1,C
6,2,T
7,3,C
1,-3,A
2,-2,A
3,-1,T
4,0,C
5,1,G
6,2,A
7,3,T
1,-3,A
2,-2,C
3,-1,T
4,0,C
5,1,G
6,2,A
7,3,C
1,-3,T
2,-2,T
3,-1,T
4,0,C
5,1,G
6,2,A
7,3,C
1,-3,C
2,-2,G
3,-1,T
4,0,C
5,1,G
6,2,T
7,3,C
1,-3,A
2,-2,G
3,-1,G
4,0,C
5,1,A
6,2,C
7,3,C
1,-3,A
2,-2,T
3,-1,T
4,0,C
5,1,G
6,2,G
7,3,T
1,-3,C
2,-2,A
3,-1,T
4,0,C
5,1,T
6,2,G
7,3,T
1,-3,T
2,-2,A
3,-1,T
4,0,C
5,1,A
6,2,T
7,3,T
1,-3,T
2,-2,G
3,-1,T
4,0,C
5,1,A
6,2,G
7,3,A
1,-3,G
2,-2,C
3,-1,T
4,0,C
5,1,A
6,2,T
7,3,A
1,-3,T
2,-2,A
3,-1,T
4,0,C
5,1,G
6,2,A
7,3,C
1,-3,C
2,-2,T
3,-1,T
4,0,C
5,1,A
6,2,G
7,3,G
