parent,child,site,snp,dimer
Node1,Node2,3111,G->A,GA
Node1,Node2,39139,C->T,TC
Node1,Node2,73239,G->A,GA
Node1,Node2,74205,G->A,GA
Node1,Node2,77383,G->A,GA
Node1,Node2,84587,C->T,TC
Node1,Node2,150469,C->T,TC
Node1,Node2,151461,A->C,
Node1,Node2,155795,G->A,GG
Node1,Node2,170262,G->A,GG
Node1,Node2,183519,C->T,TC
Node2,Node34,186165,G->A,GA
Node34,OP257243|MpxV/human/USA/UW-WA-0063/2022|USA|2022-08,53787,C->T,TC
Node34,OP257243|MpxV/human/USA/UW-WA-0063/2022|USA|2022-08,55133,G->A,GA
Node34,OP257243|MpxV/human/USA/UW-WA-0063/2022|USA|2022-08,100182,G->A,GA
Node34,Node50,5375,G->A,GC
Node50,Node51,100182,G->A,GA
Node50,OP184765|MpxV/human/USA/UW-WA-0062/2022|USA|2022-07,89252,T->C,
Node34,Node71,20992,C->T,TC
Node34,Node71,143789,G->A,GA
Node71,Node74,147168,C->T,TC
Node74,OP215274|MPXV/Germany/2022/RKI254|Germany|2022-08,136035,C->T,TC
Node74,OP215274|MPXV/Germany/2022/RKI254|Germany|2022-08,156622,G->A,GA
Node74,OP215280|MPXV/Germany/2022/RKI261|Germany|2022-08,147899,A->T,
Node74,Node82,20992,T->C,
Node74,Node82,61253,G->A,GA
Node82,OP205127|MPXV_UK_2022_9000178|United_Kingdom|2022-06-27,44220,C->T,TC
Node74,Node80,29229,C->T,TC
Node80,OP205089|MPXV_UK_2022_9000101|United_Kingdom|2022-06-09,149561,G->A,GA
Node80,OP205089|MPXV_UK_2022_9000101|United_Kingdom|2022-06-09,182486,G->A,GA
Node80,OP205140|MPXV_UK_2022_9000193|United_Kingdom|2022-07-04,57492,C->T,TC
Node74,OP018592|MPXV/Germany/2022/RKI166|Germany|2022-07,76820,C->T,TC
Node74,OP018592|MPXV/Germany/2022/RKI166|Germany|2022-07,180154,C->T,TC
Node74,OP018593|MPXV/Germany/2022/RKI167|Germany|2022-07,185176,C->T,TC
Node71,ON929067|MPXV/Germany/2022/RKI109|Germany|2022-07,61253,G->A,GA
Node34,Node45,143708,G->A,GA
Node45,OP205112|MPXV_UK_2022_9000149|United_Kingdom|2022-06-14,168380,A->G,
Node45,ON853651|MPXV/Germany/2022/RKI073|Germany|2022-06,32638,C->T,AC
Node34,Node85,188391,C->T,AC
Node85,OP215256|MPXV/Germany/2022/RKI228|Germany|2022-08,22880,C->T,TC
Node85,OP215256|MPXV/Germany/2022/RKI228|Germany|2022-08,62253,G->A,GA
Node85,OP215262|MPXV/Germany/2022/RKI238|Germany|2022-08,182303,G->A,GA
Node34,Node63,118391,G->A,GA
Node63,Node64,23845,C->T,TC
Node64,OP215257|MPXV/Germany/2022/RKI230|Germany|2022-08,12099,G->A,GA
Node64,OP215257|MPXV/Germany/2022/RKI230|Germany|2022-08,45637,C->T,GC
Node34,Node52,157527,T->C,
Node52,Node53,188391,C->T,AC
Node53,OP215279|MPXV/Germany/2022/RKI260|Germany|2022-08,150087,G->A,GA
Node53,OP215279|MPXV/Germany/2022/RKI260|Germany|2022-08,156429,C->T,TC
Node53,OP215279|MPXV/Germany/2022/RKI260|Germany|2022-08,156509,C->T,TC
Node53,OP215279|MPXV/Germany/2022/RKI260|Germany|2022-08,177872,G->A,GA
Node53,OP205073|MPXV_UK_2022_9000067|United_Kingdom|2022-06-08,88757,C->T,TC
Node53,ON959151|MPXV/Germany/2022/RKI160|Germany|2022-07,44107,G->A,GA
Node53,ON853649|MPXV/Germany/2022/RKI068|Germany|2022-06,22425,G->A,GA
Node53,ON853649|MPXV/Germany/2022/RKI068|Germany|2022-06,22971,G->A,GA
Node53,ON853649|MPXV/Germany/2022/RKI068|Germany|2022-06,26694,C->A,
Node53,ON853649|MPXV/Germany/2022/RKI068|Germany|2022-06,77829,C->T,TC
Node52,ON929090|MPXV/Germany/2022/RKI135|Germany|2022-07,40648,C->T,TC
Node52,ON929090|MPXV/Germany/2022/RKI135|Germany|2022-07,144832,C->T,TC
Node52,ON813263|MPXV/Germany/2022/RKI063|Germany|2022-06,55173,G->A,GA
Node34,OP205082|MPXV_UK_2022_9000079|United_Kingdom|2022-06-15,123899,C->T,TC
Node34,OP205131|MPXV_UK_2022_9000186|United_Kingdom|2022-06-29,92048,G->A,GA
Node34,OP185716|MPXV_USA_2022_CA0005|USA|2022-06,43068,C->T,TC
Node34,ON755239|MPXV/Germany/2022/RKI033|Germany|2022-06,6999,C->T,TC
Node34,ON755239|MPXV/Germany/2022/RKI033|Germany|2022-06,125702,C->T,TC
Node2,OP257247|MpxV/human/USA/UW-WA-0070/2022|USA|2022-08,5375,G->A,GC
Node2,Node398,18133,C->T,TC
Node2,Node398,67611,G->A,GT
Node2,Node398,130231,G->A,GA
Node2,Node398,159277,G->A,GA
Node398,Node401,2590,G->A,GA
Node398,Node401,66878,C->T,TC
Node398,Node401,148419,G->A,GA
Node398,OP123055|MpxV/human/USA/UW-WA-0041/2022|USA|2022-07,121374,G->A,GA
Node398,OP055809|MpxV/human/USA/UW-WA-0023/2022|USA|2022-07,12128,G->A,GA
Node2,Node146,74360,G->A,GC
Node146,Node165,52232,G->A,GA
Node146,Node165,119838,C->T,TC
Node165,OP257251|MpxV/human/USA/UW-WA-0078/2022|USA|2022-08,47600,G->A,GA
Node165,OP169341|MpxV/human/USA/UW-WA-0047/2022|USA|2022-07,79512,G->A,GA
Node165,OP169341|MpxV/human/USA/UW-WA-0047/2022|USA|2022-07,138008,G->A,GA
Node165,OP169341|MpxV/human/USA/UW-WA-0047/2022|USA|2022-07,150511,G->A,GA
Node165,OP055800|MpxV/human/USA/UW-WA-0011/2022|USA|2022-07,74134,C->G,
Node146,Node168,68675,C->T,TC
Node146,Node179,22739,C->T,TC
Node179,Node192,144256,C->T,TC
Node179,Node192,170785,G->A,GA
Node192,OP215242|MPXV/Germany/2022/RKI205|Germany|2022-08,6376,G->A,GA
Node192,OP215242|MPXV/Germany/2022/RKI205|Germany|2022-08,13107,G->A,GA
Node192,OP215242|MPXV/Germany/2022/RKI205|Germany|2022-08,117345,G->A,GA
Node192,OP215278|MPXV/Germany/2022/RKI259|Germany|2022-08,15876,G->A,GA
Node179,Node215,186124,C->T,TC
Node179,Node215,189996,C->T,TC
Node179,OP215252|MPXV/Germany/2022/RKI222|Germany|2022-08,32627,C->T,TC
Node179,OP215252|MPXV/Germany/2022/RKI222|Germany|2022-08,44220,C->T,TC
Node179,OP215252|MPXV/Germany/2022/RKI222|Germany|2022-08,54012,C->T,TC
Node179,OP215252|MPXV/Germany/2022/RKI222|Germany|2022-08,103240,G->A,GA
Node179,Node198,173727,G->A,GA
Node198,OP245355|MPX/PT0122/2022|Portugal|2022-07-15,11267,G->A,GA
Node198,OP245355|MPX/PT0122/2022|Portugal|2022-07-15,18540,G->A,GA
Node198,Node202,55993,G->A,GA
Node202,OP215212|MPXV/Germany/2022/RKI204|Germany|2022-08,78189,G->A,GT
Node202,OP215212|MPXV/Germany/2022/RKI204|Germany|2022-08,134898,C->T,TC
Node179,Node221,86567,C->T,TC
Node221,OP215272|MPXV/Germany/2022/RKI253|Germany|2022-08,9245,G->A,GA
Node221,OP215272|MPXV/Germany/2022/RKI253|Germany|2022-08,21060,G->A,GT
Node179,Node206,22740,C->T,TC
Node179,Node206,38937,C->T,TC
Node179,OP225960|MPXV_USA_2022_NY0013|USA|2022-06,113660,C->T,TC
Node179,OP225960|MPXV_USA_2022_NY0013|USA|2022-06,163459,C->T,TC
Node179,OP018591|MPXV/Germany/2022/RKI183|Germany|2022-07,80719,C->T,AC
Node179,Node208,21655,G->A,GA
Node179,Node208,135221,G->A,GA
Node208,ON929059|MPXV/Germany/2022/RKI072|Germany|2022-07,172542,G->A,GA
Node208,ON853655|MPXV/Germany/2022/RKI088|Germany|2022-06,63811,G->A,GA
Node208,ON853655|MPXV/Germany/2022/RKI088|Germany|2022-06,63892,G->A,GA
Node179,ON929073|MPXV/Germany/2022/RKI115|Germany|2022-07,50007,C->T,TC
Node179,Node212,151213,C->T,TC
Node179,Node212,184562,G->A,GA
Node179,ON929084|MPXV/Germany/2022/RKI129|Germany|2022-07,21833,C->T,TC
Node179,ON929084|MPXV/Germany/2022/RKI129|Germany|2022-07,135719,G->A,GA
Node146,OP215245|MPXV/Germany/2022/RKI208|Germany|2022-08,176536,G->A,GA
Node146,OP215247|MPXV/Germany/2022/RKI211|Germany|2022-08,29887,C->T,TC
Node146,OP215268|MPXV/Germany/2022/RKI248|Germany|2022-08,40937,C->T,GC
Node146,OP215268|MPXV/Germany/2022/RKI248|Germany|2022-08,175349,G->A,GT
Node146,OP215287|MPXV/Germany/2022/RKI268|Germany|2022-08,3850,C->T,TC
Node146,Node224,155698,G->A,GA
Node224,OP245330|MPX/PT0076/2022|Portugal|2022-07-23,161575,G->A,GA
Node224,Node225,11562,C->T,TC
Node224,Node225,138237,G->A,GG
Node146,Node169,173429,G->A,GA
Node169,OP204857|MPXV-ROK-P1-2022|South_Korea|2022-08,786,C->T,TC
Node169,OP204857|MPXV-ROK-P1-2022|South_Korea|2022-08,71728,C->T,GC
Node169,ON929064|MPXV/Germany/2022/RKI106|Germany|2022-07,1861,G->A,GA
Node169,ON929064|MPXV/Germany/2022/RKI106|Germany|2022-07,127376,G->A,GA
Node169,ON853668|MPXV/Germany/2022/RKI086|Germany|2022-06,5404,C->T,TC
Node169,ON853668|MPXV/Germany/2022/RKI086|Germany|2022-06,108050,G->A,GA
Node146,OP123046|MpxV/human/USA/UW-WA-0032/2022|USA|2022-07,133552,G->A,GA
Node146,ON959136|MPXV_USA_2022_NY005|USA|2022-06,44529,C->T,AC
Node146,ON959136|MPXV_USA_2022_NY005|USA|2022-06,134504,C->T,TC
Node146,ON929087|MPXV/Germany/2022/RKI132|Germany|2022-07,132440,C->T,TC
Node146,ON813256|MPXV/Germany/2022/RKI059|Germany|2022-06,142240,G->A,GA
Node146,ON755252|MPXV/Germany/2022/RKI046|Germany|2022-06,21530,C->T,TC
Node146,ON694337|MPXV/Germany/2022/RKI020|Germany|2022-05,152033,C->T,TC
Node2,OP257252|MpxV/human/USA/UW-WA-0079/2022|USA|2022-08,13609,C->T,TC
Node2,OP257252|MpxV/human/USA/UW-WA-0079/2022|USA|2022-08,164248,G->A,GA
Node2,OP257252|MpxV/human/USA/UW-WA-0079/2022|USA|2022-08,187164,C->T,TC
Node2,OP257253|MpxV/human/USA/UW-WA-0080/2022|USA|2022-08,164653,G->T,
Node2,Node448,132520,C->T,TC
Node448,Node449,175093,G->A,GA
Node449,OP225966|MPXV_USA_2022_IL0023|USA|2022-06,70190,G->A,GA
Node449,OP225966|MPXV_USA_2022_IL0023|USA|2022-06,165086,G->A,GA
Node449,Node451,162565,C->T,TC
Node448,Node453,14611,G->A,GA
Node453,ON880547|MpxV/human/CAN/UN-NML-3441/2022|Canada|2022-06-03,52752,G->A,GA
Node453,ON880547|MpxV/human/CAN/UN-NML-3441/2022|Canada|2022-06-03,124332,C->T,AC
Node453,ON880547|MpxV/human/CAN/UN-NML-3441/2022|Canada|2022-06-03,151626,C->T,TC
Node2,Node332,36405,C->T,GC
Node2,OP257256|MpxV/human/USA/UW-WA-0086/2022|USA|2022-08,44856,G->T,
Node2,Node334,190660,G->A,GA
Node334,Node335,55133,G->A,GA
Node335,Node336,64426,C->T,TC
Node336,OP257258|MpxV/human/USA/UW-WA-0089/2022|USA|2022-08,143066,G->A,GA
Node336,OP257262|MpxV/human/USA/UW-WA-0093/2022|USA|2022-08,189048,G->A,GA
Node336,OP215250|MPXV/Germany/2022/RKI220|Germany|2022-08,36659,G->A,GC
Node336,OP215250|MPXV/Germany/2022/RKI220|Germany|2022-08,174642,G->A,GA
Node336,OP215250|MPXV/Germany/2022/RKI220|Germany|2022-08,190444,C->T,TC
Node336,OP215273|MPXV/Germany/2022/RKI251|Germany|2022-08,5515,G->A,GA
Node336,OP215273|MPXV/Germany/2022/RKI251|Germany|2022-08,54004,T->C,
Node336,OP215273|MPXV/Germany/2022/RKI251|Germany|2022-08,179259,C->T,TC
Node336,Node352,36620,A->C,
Node352,OP215288|MPXV/Germany/2022/RKI270|Germany|2022-08,91811,G->A,GA
Node352,OP215288|MPXV/Germany/2022/RKI270|Germany|2022-08,148578,G->A,GA
Node352,OP215288|MPXV/Germany/2022/RKI270|Germany|2022-08,149527,C->T,TC
Node352,OP215288|MPXV/Germany/2022/RKI270|Germany|2022-08,153729,C->T,TC
Node336,OP205133|MPXV_UK_2022_9000188|United_Kingdom|2022-06-29,142545,C->T,TC
Node336,Node354,133161,C->T,TC
Node336,Node354,157632,C->T,TC
Node354,OP144212|MPXV/ITM_pt_16/Belgium/10-Jun-2022|Belgium|2022-06-10,146824,C->T,GC
Node336,OX248696|RNA|Slovakia|2022-07-04,37250,G->A,GA
Node336,OX248696|RNA|Slovakia|2022-07-04,138080,C->T,TC
Node336,ON853661|MPXV/Germany/2022/RKI079|Germany|2022-06,15947,C->T,TC
Node336,ON792320|hMpxV/Switzerland/ZH-UZH-IMV-3ba6449f/2022|Switzerland|2022-06-01,159376,G->A,GA
Node336,ON782054|MPXV/Spain/HUNSC_ITER_0001a/2022|Spain|2022-05-31,50337,G->A,GG
Node336,ON782054|MPXV/Spain/HUNSC_ITER_0001a/2022|Spain|2022-05-31,122238,A->T,
Node336,ON782055|MPXV/Spain/HUNSC_ITER_0001b/2022|Spain|2022-05-31,48265,A->T,
Node336,ON782055|MPXV/Spain/HUNSC_ITER_0001b/2022|Spain|2022-05-31,48296,C->G,
Node336,Node356,167517,G->A,GA
Node336,ON755251|MPXV/Germany/2022/RKI045|Germany|2022-06,32715,G->A,GA
Node336,ON755251|MPXV/Germany/2022/RKI045|Germany|2022-06,190020,G->A,GA
Node336,ON622722|MPXV_FR_HCL0001_2022|France|2022-05-22,109627,C->A,
Node335,OP169345|MpxV/human/USA/UW-WA-0052/2022|USA|2022-07,100182,G->A,GA
Node335,OP169345|MpxV/human/USA/UW-WA-0052/2022|USA|2022-07,183013,G->A,GT
Node334,Node365,39898,C->T,TC
Node334,Node365,148933,C->T,TC
Node334,Node365,171318,G->A,GA
Node334,Node365,175241,C->T,TC
Node365,OP205116|MPXV_UK_2022_9000158|United_Kingdom|2022-07-07,17196,C->T,AC
Node334,OP184762|MpxV/human/USA/UW-WA-0059/2022|USA|2022-07,451,G->A,GA
Node334,OP184762|MpxV/human/USA/UW-WA-0059/2022|USA|2022-07,64426,C->T,TC
Node334,OP184762|MpxV/human/USA/UW-WA-0059/2022|USA|2022-07,153664,G->A,GA
Node334,OP184762|MpxV/human/USA/UW-WA-0059/2022|USA|2022-07,163711,C->T,TC
Node334,OP150924|MPXV_USA_2022_CA006|USA|2022-06,17752,C->T,TC
Node334,ON755231|MPXV/Germany/2022/RKI013|Germany|2022-06,80450,G->A,GA
Node2,Node404,97153,C->T,TC
Node404,Node406,136972,C->T,TC
Node404,OP055807|MpxV/human/USA/UW-WA-0021/2022|USA|2022-07,32321,C->T,TC
Node404,OP055807|MpxV/human/USA/UW-WA-0021/2022|USA|2022-07,126055,G->A,GA
Node2,OP257265|MpxV/human/USA/UW-WA-0097/2022|USA|2022-08,116130,G->A,GA
Node2,OP257265|MpxV/human/USA/UW-WA-0097/2022|USA|2022-08,152202,G->A,GA
Node2,OP257265|MpxV/human/USA/UW-WA-0097/2022|USA|2022-08,157598,C->T,TC
Node2,OP257265|MpxV/human/USA/UW-WA-0097/2022|USA|2022-08,178546,C->T,TC
Node2,OP257267|MpxV/human/USA/UW-WA-00101/2022|USA|2022-08,14796,C->T,TC
Node2,OP257267|MpxV/human/USA/UW-WA-00101/2022|USA|2022-08,76791,C->T,TC
Node2,OP257267|MpxV/human/USA/UW-WA-00101/2022|USA|2022-08,115971,C->T,TC
Node2,OP257267|MpxV/human/USA/UW-WA-00101/2022|USA|2022-08,143463,G->A,GA
Node2,OP257267|MpxV/human/USA/UW-WA-00101/2022|USA|2022-08,146267,G->A,GA
Node2,OP263626|MPXV/Germany/2022/RKI272|Germany|2022-08,86622,C->T,TC
Node2,OP263626|MPXV/Germany/2022/RKI272|Germany|2022-08,176379,C->T,TC
Node2,Node726,50982,G->A,GA
Node2,Node726,125074,C->T,TC
Node726,Node728,44740,C->T,TC
Node728,OP263627|MPXV/Germany/2022/RKI272|Germany|2022-08,77807,G->A,GA
Node728,OP215263|MPXV/Germany/2022/RKI239|Germany|2022-08,80067,C->T,TC
Node728,OP215263|MPXV/Germany/2022/RKI239|Germany|2022-08,156850,G->A,GA
Node726,OP215227|MPXV/Germany/2022/RKI242|Germany|2022-08,35969,C->T,TC
Node726,OP215227|MPXV/Germany/2022/RKI242|Germany|2022-08,150087,G->A,GA
Node726,OP215251|MPXV/Germany/2022/RKI221|Germany|2022-08,134403,G->A,GA
Node2,Node92,25644,C->T,TC
Node92,OP263628|MPXV/Germany/2022/RKI274|Germany|2022-08,66249,C->T,TC
Node92,OP263628|MPXV/Germany/2022/RKI274|Germany|2022-08,88644,C->A,
Node92,OP263628|MPXV/Germany/2022/RKI274|Germany|2022-08,104134,C->T,GC
Node92,OP263628|MPXV/Germany/2022/RKI274|Germany|2022-08,112638,C->T,CC
Node92,Node115,63147,G->A,GA
Node115,OP263633|MPXV/Germany/2022/RKI278|Germany|2022-08,157546,G->A,GA
Node115,Node118,10224,G->A,GA
Node115,Node118,129761,G->A,GA
Node115,Node118,143625,T->A,
Node115,Node118,177847,C->T,TC
Node115,ON853665|MPXV/Germany/2022/RKI083|Germany|2022-06,73398,G->A,GA
Node92,Node125,120241,G->A,GA
Node125,Node128,125660,C->T,TC
Node128,OP215230|MPXV/Germany/2022/RKI187|Germany|2022-08,148534,C->T,TC
Node125,ON959153|MPXV/Germany/2022/RKI165|Germany|2022-07,170557,G->A,GA
Node125,ON911481|Monkeypox/MX-UANL001/2022|Mexico|2022-06-28,57088,G->A,GA
Node125,ON911481|Monkeypox/MX-UANL001/2022|Mexico|2022-06-28,127530,C->T,TC
Node125,ON911481|Monkeypox/MX-UANL001/2022|Mexico|2022-06-28,168120,T->C,
Node92,Node109,148771,C->T,TC
Node109,OP215243|MPXV/Germany/2022/RKI206|Germany|2022-08,139055,C->T,TC
Node109,ON959172|MPXV/Germany/2022/RKI158|Germany|2022-07,18629,C->G,
Node109,ON755255|MPXV/Germany/2022/RKI049|Germany|2022-06,99542,C->T,TC
Node92,Node119,42504,G->A,GA
Node119,OP245307|MPX/PT0050/2022|Portugal|2022-08-01,134850,C->T,TC
Node119,OP245307|MPX/PT0050/2022|Portugal|2022-08-01,159741,C->T,TC
Node119,Node124,74267,G->A,GA
Node119,Node124,115870,C->T,TC
Node124,OP245331|MPX/PT0077/2022|Portugal|2022-07-28,5292,C->T,TC
Node124,OP245331|MPX/PT0077/2022|Portugal|2022-07-28,11924,G->A,GA
Node124,OP245331|MPX/PT0077/2022|Portugal|2022-07-28,161784,A->T,
Node119,OP245357|MPX/PT0124/2022|Portugal|2022-07-14,4077,G->A,GA
Node119,OP245357|MPX/PT0124/2022|Portugal|2022-07-14,67757,C->T,TC
Node119,OP245357|MPX/PT0124/2022|Portugal|2022-07-14,148135,G->A,GA
Node119,OP245357|MPX/PT0124/2022|Portugal|2022-07-14,163714,G->A,GA
Node119,OP245357|MPX/PT0124/2022|Portugal|2022-07-14,182189,G->A,GA
Node119,OP205098|MPXV_UK_2022_9000131|United_Kingdom|2022-07-05,40862,C->T,TC
Node119,OP205098|MPXV_UK_2022_9000131|United_Kingdom|2022-07-05,95871,G->A,GA
Node119,OP205111|MPXV_UK_2022_9000148|United_Kingdom|2022-06-14,15562,C->T,TC
Node92,OP225963|MPXV_USA_2022_CO0006|USA|2022-06,186970,C->T,TC
Node92,Node137,98456,G->A,GA
Node92,Node137,103258,C->T,TC
Node92,Node106,14077,C->T,AC
Node106,OP205084|MPXV_UK_2022_9000093|United_Kingdom|2022-05-30,4529,C->T,TC
Node106,OP205084|MPXV_UK_2022_9000093|United_Kingdom|2022-05-30,155585,G->A,GA
Node106,OP205097|MPXV_UK_2022_9000130|United_Kingdom|2022-07-05,37691,G->A,GG
Node106,OP205097|MPXV_UK_2022_9000130|United_Kingdom|2022-07-05,147799,G->A,GC
Node106,OP205097|MPXV_UK_2022_9000130|United_Kingdom|2022-07-05,157353,G->A,GA
Node92,Node101,57173,C->T,TC
Node92,Node101,174924,A->T,
Node101,OP205099|MPXV_UK_2022_9000133|United_Kingdom|2022-07-05,56365,G->A,GA
Node92,OP205101|MPXV_UK_2022_9000136|United_Kingdom|2022-07-07,174227,C->T,AC
Node92,OP205103|MPXV_UK_2022_9000138|United_Kingdom|2022-07-06,12842,C->T,TC
Node92,OP205118|MPXV_UK_2022_9000160|United_Kingdom|2022-07-05,54365,C->T,TC
Node92,OP205118|MPXV_UK_2022_9000160|United_Kingdom|2022-07-05,71796,G->A,GA
Node92,OP205118|MPXV_UK_2022_9000160|United_Kingdom|2022-07-05,123397,C->T,GC
Node92,OP205118|MPXV_UK_2022_9000160|United_Kingdom|2022-07-05,160426,C->T,TC
Node92,Node135,23359,G->A,GA
Node92,Node135,114955,C->T,TC
Node92,Node135,116175,C->T,TC
Node92,OP205122|MPXV_UK_2022_9000165|United_Kingdom|2022-07-04,17463,G->A,GA
Node92,OP205122|MPXV_UK_2022_9000165|United_Kingdom|2022-07-04,32761,C->T,TC
Node92,OP205137|MPXV_UK_2022_9000192|United_Kingdom|2022-07-05,53441,G->A,GA
Node92,OP018607|MPXV/Germany/2022/RKI185|Germany|2022-07,40784,C->T,TC
Node2,Node431,28887,C->T,TC
Node431,OP263634|MPXV/Germany/2022/RKI279|Germany|2022-08,3569,C->T,GC
Node431,OP263634|MPXV/Germany/2022/RKI279|Germany|2022-08,54262,C->T,TC
Node2,Node370,5595,G->A,GA
Node370,Node372,161296,G->A,GG
Node372,OP263630|MPXV/Germany/2022/RKI275|Germany|2022-08,86391,C->T,TC
Node372,OP263630|MPXV/Germany/2022/RKI275|Germany|2022-08,103786,C->T,TC
Node372,OP263630|MPXV/Germany/2022/RKI275|Germany|2022-08,160088,C->T,TC
Node372,OP263630|MPXV/Germany/2022/RKI275|Germany|2022-08,186255,G->A,GA
Node372,Node376,2039,G->A,GA
Node376,OP215215|MPXV/Germany/2022/RKI213|Germany|2022-08,34298,G->T,
Node376,OP215215|MPXV/Germany/2022/RKI213|Germany|2022-08,37048,C->T,TC
Node376,OP215215|MPXV/Germany/2022/RKI213|Germany|2022-08,70190,G->A,GA
Node376,OP215215|MPXV/Germany/2022/RKI213|Germany|2022-08,169328,T->A,
Node372,Node383,80545,C->T,TC
Node383,OP018603|MPXV/Germany/2022/RKI178|Germany|2022-07,16213,G->A,GA
Node383,OP018603|MPXV/Germany/2022/RKI178|Germany|2022-07,77807,G->A,GA
Node372,Node380,186220,C->T,GC
Node372,ON929061|MPXV/Germany/2022/RKI103|Germany|2022-07,24929,C->T,TC
Node370,Node384,78034,G->A,GA
Node370,Node384,80111,C->T,CC
Node384,Node386,22643,G->A,GG
Node384,Node386,63811,G->A,GA
Node386,OP171923|MPXV22/human/USA-NE-48|USA|2022-07-15,119985,T->C,
Node384,ON720849|MpxV/Spain/MD-HGUGM-6532064/2022|Spain|2022-05-27,122649,C->T,TC
Node384,ON622718|MPXV/ES0001/HUGTiP/2022|Spain|2022-05-20,139150,T->C,
Node2,Node490,130606,C->T,TC
Node490,OP205113|MPXV_UK_2022_9000150|United_Kingdom|2022-06-16,89296,G->T,
Node490,OP205113|MPXV_UK_2022_9000150|United_Kingdom|2022-06-16,165465,G->A,GA
Node2,OP215217|MPXV/Germany/2022/RKI218|Germany|2022-08,56259,C->T,TC
Node2,OP215217|MPXV/Germany/2022/RKI218|Germany|2022-08,188946,C->T,TC
Node2,Node242,70780,C->T,TC
Node242,OP215225|MPXV/Germany/2022/RKI240|Germany|2022-08,32909,C->T,TC
Node242,OP215225|MPXV/Germany/2022/RKI240|Germany|2022-08,63147,G->A,GA
Node242,OP215225|MPXV/Germany/2022/RKI240|Germany|2022-08,190668,C->T,TC
Node242,Node254,44333,C->T,TC
Node254,OP245315|MPX/PT0061/2022|Portugal|2022-08-01,2898,G->A,GC
Node254,OP245315|MPX/PT0061/2022|Portugal|2022-08-01,27953,C->T,TC
Node254,OP245315|MPX/PT0061/2022|Portugal|2022-08-01,33103,C->T,TC
Node254,OP245315|MPX/PT0061/2022|Portugal|2022-08-01,93512,G->T,
Node254,OP245315|MPX/PT0061/2022|Portugal|2022-08-01,114490,C->T,TC
Node254,OP245315|MPX/PT0061/2022|Portugal|2022-08-01,133295,C->T,TC
Node254,ON853667|MPXV/Germany/2022/RKI085|Germany|2022-06,46956,G->A,GG
Node242,OP245318|MPX/PT0064/2022|Portugal|2022-08-01,71227,G->A,GA
Node242,OP245318|MPX/PT0064/2022|Portugal|2022-08-01,133867,C->T,TC
Node242,OP245318|MPX/PT0064/2022|Portugal|2022-08-01,134247,C->T,TC
Node242,OP245318|MPX/PT0064/2022|Portugal|2022-08-01,158866,G->A,GA
Node242,Node256,25644,C->T,TC
Node256,OP205094|MPXV_UK_2022_9000106|United_Kingdom|2022-06-14,63147,G->A,GA
Node256,ON959149|MPXV/Germany/2022/RKI140|Germany|2022-07,156469,G->A,GA
Node256,ON959149|MPXV/Germany/2022/RKI140|Germany|2022-07,190668,C->T,TC
Node242,ON959170|MPXV/Germany/2022/RKI156|Germany|2022-07,26136,G->A,GA
Node242,ON959173|MPXV/Germany/2022/RKI159|Germany|2022-07,78593,G->A,GA
Node242,ON959173|MPXV/Germany/2022/RKI159|Germany|2022-07,126202,C->T,TC
Node242,ON918656|MPXV/human/Taiwan/110-231642/2022|Taiwan|2022-06,28702,C->T,CC
Node242,ON918656|MPXV/human/Taiwan/110-231642/2022|Taiwan|2022-06,34793,T->C,
Node242,ON918656|MPXV/human/Taiwan/110-231642/2022|Taiwan|2022-06,50861,T->C,
Node242,ON918656|MPXV/human/Taiwan/110-231642/2022|Taiwan|2022-06,51777,C->T,TC
Node242,ON853656|MPXV/Germany/2022/RKI070|Germany|2022-06,6999,C->T,TC
Node242,ON853656|MPXV/Germany/2022/RKI070|Germany|2022-06,161488,G->A,GT
Node242,ON853656|MPXV/Germany/2022/RKI070|Germany|2022-06,177845,C->T,TC
Node242,ON813261|MPXV/Germany/2022/RKI061|Germany|2022-06,16333,G->A,GA
Node242,ON813261|MPXV/Germany/2022/RKI061|Germany|2022-06,67289,C->T,TC
Node242,ON755254|MPXV/Germany/2022/RKI048|Germany|2022-06,28706,G->A,GG
Node242,ON755254|MPXV/Germany/2022/RKI048|Germany|2022-06,51885,C->T,TC
Node2,OP215220|MPXV/Germany/2022/RKI224|Germany|2022-08,87017,C->T,TC
Node2,OP215221|MPXV/Germany/2022/RKI229|Germany|2022-08,4592,C->T,TC
Node2,OP215221|MPXV/Germany/2022/RKI229|Germany|2022-08,11462,G->A,GA
Node2,OP215221|MPXV/Germany/2022/RKI229|Germany|2022-08,20767,G->A,GA
Node2,OP215221|MPXV/Germany/2022/RKI229|Germany|2022-08,92865,C->T,TC
Node2,OP215221|MPXV/Germany/2022/RKI229|Germany|2022-08,133750,C->T,TC
Node2,OP215221|MPXV/Germany/2022/RKI229|Germany|2022-08,149590,G->A,GA
Node2,OP215221|MPXV/Germany/2022/RKI229|Germany|2022-08,160391,G->A,GA
Node2,OP215221|MPXV/Germany/2022/RKI229|Germany|2022-08,164459,G->A,GA
Node2,OP215222|MPXV/Germany/2022/RKI231|Germany|2022-08,110464,C->T,CC
Node2,Node422,89906,C->T,TC
Node2,Node422,94798,G->A,GA
Node422,OP215226|MPXV/Germany/2022/RKI241|Germany|2022-08,33103,C->T,TC
Node422,OP215226|MPXV/Germany/2022/RKI241|Germany|2022-08,45605,C->T,TC
Node422,OP215226|MPXV/Germany/2022/RKI241|Germany|2022-08,47702,G->A,GA
Node422,OP245334|MPX/PT0081/2022|Portugal|2022-07-23,120237,C->T,TC
Node422,OP245334|MPX/PT0081/2022|Portugal|2022-07-23,126047,G->A,GA
Node422,ON959143|MPX-96/Finland/2022|Finland|2022-06-16,150831,C->T,TC
Node422,ON959143|MPX-96/Finland/2022|Finland|2022-06-16,188491,C->T,TC
Node422,ON720848|MpxV/Spain/MD-HGUGM-6513479/2022|Spain|2022-05-27,79533,C->T,AC
Node422,ON720848|MpxV/Spain/MD-HGUGM-6513479/2022|Spain|2022-05-27,150538,T->A,
Node2,Node504,87268,A->G,
Node504,OP215228|MPXV/Germany/2022/RKI249|Germany|2022-08,40980,C->T,TC
Node504,OP215228|MPXV/Germany/2022/RKI249|Germany|2022-08,149416,G->A,GA
Node504,OP215233|MPXV/Germany/2022/RKI191|Germany|2022-08,108239,G->A,GA
Node504,OP215240|MPXV/Germany/2022/RKI200|Germany|2022-08,54664,G->A,GA
Node504,OP215240|MPXV/Germany/2022/RKI200|Germany|2022-08,63120,C->T,TC
Node504,OP215240|MPXV/Germany/2022/RKI200|Germany|2022-08,105222,C->T,TC
Node504,OP215240|MPXV/Germany/2022/RKI200|Germany|2022-08,125815,G->A,GA
Node504,ON929076|MPXV/Germany/2022/RKI121|Germany|2022-07,141757,C->T,TC
Node2,OP215229|MPXV/Germany/2022/RKI250|Germany|2022-08,123397,C->T,GC
Node2,OP215229|MPXV/Germany/2022/RKI250|Germany|2022-08,188111,G->A,GA
Node2,Node484,101074,C->T,TC
Node2,Node484,138682,G->A,GA
Node484,OP215266|MPXV/Germany/2022/RKI246|Germany|2022-08,124558,C->T,TC
Node484,OP215284|MPXV/Germany/2022/RKI265|Germany|2022-08,156469,G->A,GA
Node2,Node495,73609,C->T,TC
Node2,Node495,113740,C->T,TC
Node2,OP215236|MPXV/Germany/2022/RKI194|Germany|2022-08,143845,C->T,TC
Node2,Node446,56205,G->A,GG
Node2,Node446,136374,C->T,TC
Node446,OP215213|MPXV/Germany/2022/RKI209|Germany|2022-08,57857,C->T,TC
Node2,Node278,169928,G->A,GA
Node278,Node279,58518,G->A,GA
Node279,OP215241|MPXV/Germany/2022/RKI201|Germany|2022-08,63861,G->A,GA
Node279,OP215241|MPXV/Germany/2022/RKI201|Germany|2022-08,109844,G->A,GA
Node279,OP215241|MPXV/Germany/2022/RKI201|Germany|2022-08,143277,C->T,TC
Node279,OP215277|MPXV/Germany/2022/RKI258|Germany|2022-08,23345,C->T,TC
Node279,OP215277|MPXV/Germany/2022/RKI258|Germany|2022-08,23353,C->T,TC
Node279,OP215277|MPXV/Germany/2022/RKI258|Germany|2022-08,23356,C->T,TC
Node279,ON853670|MPXV/Germany/2022/RKI090|Germany|2022-06,81977,G->A,GA
Node278,Node282,10118,G->A,GA
Node278,Node282,15004,C->T,TC
Node282,ON983165|MpxV/human/CAN/UN-NML-3686/2022|Canada|2022-06-14,16819,G->A,GA
Node282,ON983165|MpxV/human/CAN/UN-NML-3686/2022|Canada|2022-06-14,180825,C->T,TC
Node2,Node759,48317,C->T,TC
Node2,OP215246|MPXV/Germany/2022/RKI210|Germany|2022-08,174842,C->T,TC
Node2,OP215253|MPXV/Germany/2022/RKI225|Germany|2022-08,8638,G->A,GA
Node2,OP215254|MPXV/Germany/2022/RKI226|Germany|2022-08,24238,C->T,AC
Node2,OP215254|MPXV/Germany/2022/RKI226|Germany|2022-08,168738,G->A,GA
Node2,Node284,12908,G->A,GA
Node2,Node284,15057,C->T,TC
Node2,Node284,67261,G->A,GA
Node284,OP215258|MPXV/Germany/2022/RKI232|Germany|2022-08,132631,G->A,GT
Node284,OP245350|MPX/PT0117/2022|Portugal|2022-07-14,143997,C->T,TC
Node2,Node433,148268,C->T,TC
Node433,OP205108|MPXV_UK_2022_9000145|United_Kingdom|2022-06-16,9963,G->A,GA
Node433,OP205108|MPXV_UK_2022_9000145|United_Kingdom|2022-06-16,74417,C->T,TC
Node433,OP205108|MPXV_UK_2022_9000145|United_Kingdom|2022-06-16,150003,G->A,GC
Node2,Node403,95004,C->T,TC
Node2,Node403,152588,G->A,GA
Node403,OP215260|MPXV/Germany/2022/RKI236|Germany|2022-08,94798,G->A,GA
Node403,OP215260|MPXV/Germany/2022/RKI236|Germany|2022-08,112605,G->A,GA
Node2,OP215261|MPXV/Germany/2022/RKI237|Germany|2022-08,57919,C->T,TC
Node2,OP215261|MPXV/Germany/2022/RKI237|Germany|2022-08,58904,C->T,TC
Node2,OP215261|MPXV/Germany/2022/RKI237|Germany|2022-08,135057,C->T,TC
Node2,OP215261|MPXV/Germany/2022/RKI237|Germany|2022-08,145305,G->A,GA
Node2,OP215261|MPXV/Germany/2022/RKI237|Germany|2022-08,156068,A->G,
Node2,OP215261|MPXV/Germany/2022/RKI237|Germany|2022-08,156172,A->G,
Node2,OP215261|MPXV/Germany/2022/RKI237|Germany|2022-08,178435,G->A,GA
Node2,OP215261|MPXV/Germany/2022/RKI237|Germany|2022-08,179783,T->C,
Node2,OP215264|MPXV/Germany/2022/RKI244|Germany|2022-08,77971,G->C,
Node2,Node475,36617,G->A,GA
Node2,Node475,159779,C->T,TC
Node475,OP215265|MPXV/Germany/2022/RKI245|Germany|2022-08,84008,C->T,TC
Node475,OP215265|MPXV/Germany/2022/RKI245|Germany|2022-08,151204,C->T,TC
Node475,OP018604|MPXV/Germany/2022/RKI179|Germany|2022-07,8552,C->T,TC
Node475,OP018604|MPXV/Germany/2022/RKI179|Germany|2022-07,8597,C->T,TC
Node475,OP018604|MPXV/Germany/2022/RKI179|Germany|2022-07,46179,G->A,GA
Node475,OP018604|MPXV/Germany/2022/RKI179|Germany|2022-07,63026,T->G,
Node475,OP018604|MPXV/Germany/2022/RKI179|Germany|2022-07,133557,C->T,TC
Node475,OP018604|MPXV/Germany/2022/RKI179|Germany|2022-07,162919,T->C,
Node475,ON959135|MPXV_USA_2022_NY004|USA|2022-05,2132,G->A,GA
Node475,ON959135|MPXV_USA_2022_NY004|USA|2022-05,96835,G->A,GA
Node475,ON959169|MPXV/Germany/2022/RKI155|Germany|2022-07,168365,G->A,GA
Node475,ON959169|MPXV/Germany/2022/RKI155|Germany|2022-07,170929,G->A,GA
Node475,ON929060|MPXV/Germany/2022/RKI102|Germany|2022-07,127245,C->T,TC
Node475,ON929060|MPXV/Germany/2022/RKI102|Germany|2022-07,132437,C->T,TC
Node475,ON929060|MPXV/Germany/2022/RKI102|Germany|2022-07,158617,G->A,GA
Node475,ON929060|MPXV/Germany/2022/RKI102|Germany|2022-07,183790,C->T,TC
Node475,ON694330|MPXV/Germany/2022/RKI019|Germany|2022-05,3837,C->T,TC
Node2,OP215269|MPXV/Germany/2022/RKI252|Germany|2022-08,13653,C->T,TC
Node2,OP215269|MPXV/Germany/2022/RKI252|Germany|2022-08,116100,C->T,TC
Node2,OP215269|MPXV/Germany/2022/RKI252|Germany|2022-08,121971,G->A,GA
Node2,OP215269|MPXV/Germany/2022/RKI252|Germany|2022-08,150376,G->A,GA
Node2,OP215269|MPXV/Germany/2022/RKI252|Germany|2022-08,187059,G->A,GA
Node2,OP215270|MPXV/Germany/2022/RKI255|Germany|2022-08,21998,C->T,TC
Node2,OP215275|MPXV/Germany/2022/RKI256|Germany|2022-08,72097,G->A,GA
Node2,OP215275|MPXV/Germany/2022/RKI256|Germany|2022-08,145842,C->T,CC
Node2,OP215281|MPXV/Germany/2022/RKI262|Germany|2022-08,184945,G->A,GA
Node2,OP215282|MPXV/Germany/2022/RKI263|Germany|2022-08,3698,G->A,GA
Node2,OP215282|MPXV/Germany/2022/RKI263|Germany|2022-08,33851,G->A,GA
Node2,OP215282|MPXV/Germany/2022/RKI263|Germany|2022-08,128585,C->T,TC
Node2,OP215282|MPXV/Germany/2022/RKI263|Germany|2022-08,132970,C->T,TC
Node2,OP215282|MPXV/Germany/2022/RKI263|Germany|2022-08,141143,C->T,TC
Node2,Node620,187154,C->T,TC
Node620,OP215206|MPXV/Germany/2022/RKI243|Germany|2022-08,123765,G->A,GA
Node2,Node459,11787,C->T,TC
Node459,Node460,168943,C->T,TC
Node460,OP245341|MPX/PT0098/2022|Portugal|2022-07-20,127526,G->A,GT
Node2,OP215286|MPXV/Germany/2022/RKI267|Germany|2022-08,25539,C->T,TC
Node2,OP215286|MPXV/Germany/2022/RKI267|Germany|2022-08,156437,C->T,TC
Node2,OP215286|MPXV/Germany/2022/RKI267|Germany|2022-08,183939,G->A,GA
Node2,OP245306|MPX/PT0049/2022|Portugal|2022-08-01,73616,C->T,TC
Node2,OP245306|MPX/PT0049/2022|Portugal|2022-08-01,159132,G->T,
Node2,Node268,181367,G->A,GA
Node268,OP245309|MPX/PT0052/2022|Portugal|2022-07-30,38937,C->T,TC
Node268,OP245309|MPX/PT0052/2022|Portugal|2022-07-30,51093,G->A,GT
Node268,OP245309|MPX/PT0052/2022|Portugal|2022-07-30,54123,C->T,TC
Node268,OP245309|MPX/PT0052/2022|Portugal|2022-07-30,100640,C->T,TC
Node268,Node270,176823,G->A,GA
Node270,ON880538|MpxV/human/CAN/UN-NML-3336/2022|Canada|2022-06-01,32627,C->T,TC
Node270,ON843181|Monkeypox/PT0045/2022|Portugal|2022-06-06,34432,C->T,TC
Node270,ON843181|Monkeypox/PT0045/2022|Portugal|2022-06-06,71464,C->T,TC
Node270,Node274,57110,C->T,TC
Node274,ON649714|Monkeypox/PT0015/2022|Portugal|2022-05-20,33889,G->A,GA
Node270,ON585037|Monkeypox/PT0005/2022|Portugal|2022-05-15,82853,G->A,GA
Node270,ON585038|Monkeypox/PT0008/2022|Portugal|2022-05-15,16968,C->T,TC
Node2,OP245310|MPX/PT0053/2022|Portugal|2022-08-01,13059,A->C,
Node2,OP245310|MPX/PT0053/2022|Portugal|2022-08-01,13081,T->C,
Node2,OP245310|MPX/PT0053/2022|Portugal|2022-08-01,96773,C->T,TC
Node2,OP245310|MPX/PT0053/2022|Portugal|2022-08-01,109432,C->T,TC
Node2,OP245310|MPX/PT0053/2022|Portugal|2022-08-01,142356,C->T,TC
Node2,Node763,136572,C->T,TC
Node2,Node763,158190,G->A,GA
Node763,OP215209|MPXV/Germany/2022/RKI198|Germany|2022-08,74980,G->A,GA
Node763,OP215209|MPXV/Germany/2022/RKI198|Germany|2022-08,144241,C->T,AC
Node763,OP215209|MPXV/Germany/2022/RKI198|Germany|2022-08,158698,C->T,TC
Node2,Node670,174678,G->A,GA
Node670,OP245312|MPX/PT0056/2022|Portugal|2022-07-29,79473,C->A,
Node670,OP245312|MPX/PT0056/2022|Portugal|2022-07-29,171808,C->T,TC
Node671,Node676,20709,C->T,TC
Node676,OP245347|MPX/PT0113/2022|Portugal|2022-07-15,12827,T->C,
Node676,OP245347|MPX/PT0113/2022|Portugal|2022-07-15,12833,T->A,
Node676,OP245356|MPX/PT0123/2022|Portugal|2022-07-13,118330,C->T,TC
Node2,OP245316|MPX/PT0062/2022|Portugal|2022-08-01,15652,C->T,TC
Node2,Node316,156429,C->T,TC
Node316,Node317,162265,G->A,GA
Node316,Node317,165278,C->T,TC
Node317,OP245319|MPX/PT0065/2022|Portugal|2022-07-27,139646,C->T,TC
Node316,Node318,65571,C->T,TC
Node316,Node318,144988,G->A,GA
Node318,Node323,40625,G->A,GA
Node318,Node323,134205,C->T,TC
Node318,OP013012|MpxV/human/CAN/UN-NML-3657/2022|Canada|2022-06-10,101227,G->A,GA
Node318,ON803420|MpxV/human/CAN/UN-NML-2846/2022|Canada|2022-05-19,170389,G->A,GA
Node318,ON803420|MpxV/human/CAN/UN-NML-2846/2022|Canada|2022-05-19,170698,G->A,GA
Node2,Node550,174112,G->A,GA
Node550,OP245320|MPX/PT0066/2022|Portugal|2022-07-27,46456,G->A,GA
Node550,OP245320|MPX/PT0066/2022|Portugal|2022-07-27,77643,G->A,GA
Node550,OP245332|MPX/PT0078/2022|Portugal|2022-07-26,23599,C->T,TC
Node550,OP245332|MPX/PT0078/2022|Portugal|2022-07-26,24443,C->T,TC
Node550,OP245332|MPX/PT0078/2022|Portugal|2022-07-26,24485,C->T,TC
Node550,OP245332|MPX/PT0078/2022|Portugal|2022-07-26,25148,C->T,TC
Node550,OP245332|MPX/PT0078/2022|Portugal|2022-07-26,25768,C->T,TC
Node550,OP245332|MPX/PT0078/2022|Portugal|2022-07-26,25882,C->T,TC
Node550,OP245332|MPX/PT0078/2022|Portugal|2022-07-26,25914,C->T,TC
Node550,OP245332|MPX/PT0078/2022|Portugal|2022-07-26,143074,C->T,TC
Node2,Node563,146816,C->T,TC
Node563,OP245322|MPX/PT0068/2022|Portugal|2022-07-25,16362,C->T,TC
Node563,OP245322|MPX/PT0068/2022|Portugal|2022-07-25,24621,C->T,TC
Node563,OP245322|MPX/PT0068/2022|Portugal|2022-07-25,181495,C->T,TC
Node563,OP245342|MPX/PT0108/2022|Portugal|2022-07-18,32772,C->T,TC
Node563,OP245342|MPX/PT0108/2022|Portugal|2022-07-18,96065,G->A,GA
Node563,OP245342|MPX/PT0108/2022|Portugal|2022-07-18,136995,G->A,GA
Node563,OP245342|MPX/PT0108/2022|Portugal|2022-07-18,173875,G->A,GT
Node2,OP245327|MPX/PT0073/2022|Portugal|2022-07-27,7201,C->T,TC
Node2,OP245327|MPX/PT0073/2022|Portugal|2022-07-27,132698,C->T,TC
Node2,OP245328|MPX/PT0074/2022|Portugal|2022-07-27,41351,G->A,GC
Node2,OP245329|MPX/PT0075/2022|Portugal|2022-07-22,103240,G->A,GA
Node2,Node625,182189,G->A,GA
Node625,OP245333|MPX/PT0080/2022|Portugal|2022-07-26,70841,G->A,GA
Node625,OP245333|MPX/PT0080/2022|Portugal|2022-07-26,132625,G->A,GA
Node625,OP245360|MPX/PT0127/2022|Portugal|2022-07-12,107442,C->T,TC
Node625,OP245360|MPX/PT0127/2022|Portugal|2022-07-12,135738,C->T,TC
Node2,OP245335|MPX/PT0084/2022|Portugal|2022-07-22,151873,C->T,CC
Node2,OP245340|MPX/PT0090/2022|Portugal|2022-07-21,159001,G->A,GA
Node2,Node556,12238,A->T,
Node2,Node556,151793,G->C,
Node556,Node557,144301,C->A,
Node556,OP245351|MPX/PT0118/2022|Portugal|2022-07-13,3821,G->A,GA
Node2,Node497,179853,C->T,TC
Node497,OP245349|MPX/PT0115/2022|Portugal|2022-07-14,65058,G->A,GA
Node497,OP245349|MPX/PT0115/2022|Portugal|2022-07-14,102694,G->A,GA
Node497,ON929069|MPXV/Germany/2022/RKI111|Germany|2022-07,74360,G->A,GC
Node497,ON929069|MPXV/Germany/2022/RKI111|Germany|2022-07,97413,T->A,
Node497,ON929069|MPXV/Germany/2022/RKI111|Germany|2022-07,181495,C->T,TC
Node2,OP245353|MPX/PT0120/2022|Portugal|2022-07-13,2174,G->A,GA
Node2,OP245358|MPX/PT0125/2022|Portugal|2022-07-14,115572,C->T,TC
Node2,Node138,77462,C->T,TC
Node138,OP184761|MpxV/human/USA/UW-WA-0058/2022|USA|2022-07,130787,G->A,GA
Node138,OP184761|MpxV/human/USA/UW-WA-0058/2022|USA|2022-07,170977,T->A,
Node2,OP215204|MPXV/Germany/2022/RKI188|Germany|2022-08,183220,C->T,TC
Node2,OP205068|MPXV_UK_2022_9000062|United_Kingdom|2022-06-05,83660,C->T,TC
Node2,Node464,49892,C->T,AC
Node464,OP205079|MPXV_UK_2022_9000074|United_Kingdom|2022-06-09,76758,C->T,TC
Node464,OP205079|MPXV_UK_2022_9000074|United_Kingdom|2022-06-09,105794,C->T,TC
Node464,OP205079|MPXV_UK_2022_9000074|United_Kingdom|2022-06-09,133991,G->A,GA
Node464,OP205079|MPXV_UK_2022_9000074|United_Kingdom|2022-06-09,143074,C->T,TC
Node464,OP205079|MPXV_UK_2022_9000074|United_Kingdom|2022-06-09,151929,G->A,GA
Node464,OP205095|MPXV_UK_2022_9000107|United_Kingdom|2022-06-13,56110,A->G,
Node464,ON619837|MPXV_UK_2022_3|United_Kingdom|2022-05,153993,C->T,TC
Node2,Node614,164096,C->T,TC
Node2,Node614,188683,C->T,TC
Node2,Node614,190269,C->T,TC
Node614,OP205092|MPXV_UK_2022_9000104|United_Kingdom|2022-06-12,30128,G->T,
Node2,OP205102|MPXV_UK_2022_9000137|United_Kingdom|2022-07-07,61102,G->A,GA
Node2,OP205102|MPXV_UK_2022_9000137|United_Kingdom|2022-07-07,96440,C->T,AC
Node2,OP205104|MPXV_UK_2022_9000140|United_Kingdom|2022-07-06,5783,G->A,GA
Node2,OP205104|MPXV_UK_2022_9000140|United_Kingdom|2022-07-06,63811,G->A,GA
Node2,OP205104|MPXV_UK_2022_9000140|United_Kingdom|2022-07-06,170577,A->C,
Node2,Node542,178569,C->T,TC
Node542,OP205105|MPXV_UK_2022_9000142|United_Kingdom|2022-06-15,132625,G->A,GA
Node2,OP205109|MPXV_UK_2022_9000146|United_Kingdom|2022-06-13,23567,C->T,AC
Node2,OP205109|MPXV_UK_2022_9000146|United_Kingdom|2022-06-13,118683,C->T,TC
Node2,OP205115|MPXV_UK_2022_9000157|United_Kingdom|2022-07-07,78232,C->T,TC
Node2,Node427,99954,C->T,TC
Node427,ON813260|MPXV/Germany/2022/RKI056|Germany|2022-06,1860,C->T,TC
Node427,ON755243|MPXV/Germany/2022/RKI037|Germany|2022-06,47811,C->T,TC
Node2,OP205124|MPXV_UK_2022_9000173|United_Kingdom|2022-05-26,132940,C->T,TC
Node2,OP205124|MPXV_UK_2022_9000173|United_Kingdom|2022-05-26,143551,C->T,TC
Node2,OP205125|MPXV_UK_2022_9000175|United_Kingdom|2022-06-24,27537,C->T,TC
Node2,OP205125|MPXV_UK_2022_9000175|United_Kingdom|2022-06-24,118790,G->A,GA
Node2,OP205129|MPXV_UK_2022_9000184|United_Kingdom|2022-06-30,82676,C->T,TC
Node2,OP205130|MPXV_UK_2022_9000185|United_Kingdom|2022-06-29,33274,G->A,GT
Node2,OP205130|MPXV_UK_2022_9000185|United_Kingdom|2022-06-29,47537,C->T,TC
Node2,OP205130|MPXV_UK_2022_9000185|United_Kingdom|2022-06-29,68286,G->A,GA
Node2,OP205136|MPXV_UK_2022_9000191|United_Kingdom|2022-07-04,117044,A->T,
Node2,Node308,111084,G->A,GA
Node2,Node308,182950,C->T,TC
Node308,Node309,98233,G->A,GA
Node308,Node309,98455,G->A,GG
Node309,Node310,98456,G->A,GA
Node310,Node312,102694,G->A,GA
Node310,Node312,160484,G->A,GA
Node310,OP171925|MPXV22/human/USA-NE-75|USA|2022-07-25,10484,C->T,TC
Node310,OP171925|MPXV22/human/USA-NE-75|USA|2022-07-25,61974,A->G,
Node309,ON880413|MPX/BR0002/2022|Brazil|2022-06-14,76334,C->T,TC
Node308,ON880540|MpxV/human/CAN/UN-NML-3342/2022|Canada|2022-06-01,121510,G->A,GA
Node2,Node285,34308,G->A,GA
Node285,OP185714|MPXV_USA_2022_CO0003|USA|2022-06,18027,C->T,TC
Node285,OP185714|MPXV_USA_2022_CO0003|USA|2022-06,159165,T->C,
Node285,OP185714|MPXV_USA_2022_CO0003|USA|2022-06,162156,G->A,GG
Node285,Node289,24995,C->T,TC
Node285,Node289,85774,G->A,GA
Node285,Node289,148427,G->A,GA
Node285,Node289,189258,G->A,GA
Node289,OP062236|MpxV/human/CAN/UN-NML-3936/2022|Canada|2022-06-30,45236,G->A,GA
Node289,OP062236|MpxV/human/CAN/UN-NML-3936/2022|Canada|2022-06-30,132531,G->A,GG
Node289,ON983164|MpxV/human/CAN/UN-NML-3558/2022|Canada|2022-06-09,167106,G->A,GA
Node289,ON880506|MpxV/human/CAN/UN-NML-2959/2022|Canada|2022-05-22,127678,G->A,GA
Node289,ON880506|MpxV/human/CAN/UN-NML-2959/2022|Canada|2022-05-22,139901,C->T,TC
Node289,ON754989|mpx_2022_Canada_AB2|Canada|2022-06-06,52914,G->A,GC
Node289,ON754989|mpx_2022_Canada_AB2|Canada|2022-06-06,61274,C->G,
Node289,ON754989|mpx_2022_Canada_AB2|Canada|2022-06-06,83018,A->G,
Node285,Node305,10672,C->T,TC
Node285,Node305,112481,G->A,GT
Node285,Node305,144478,G->A,GA
Node285,Node305,163626,G->A,GA
Node305,OP013008|MpxV/human/CAN/UN-NML-3582/2022|Canada|2022-06-08,36545,G->A,GA
Node305,OP013008|MpxV/human/CAN/UN-NML-3582/2022|Canada|2022-06-08,91067,C->T,TC
Node285,Node304,85846,T->C,
Node285,ON803417|MpxV/human/CAN/UN-NML-2836/2022|Canada|2022-05-17,69127,C->T,AC
Node285,ON803417|MpxV/human/CAN/UN-NML-2836/2022|Canada|2022-05-17,158750,G->A,GT
Node2,OP185715|MPXV_USA_2022_CO0002|USA|2022-05,17437,C->T,TC
Node2,OP185717|MPXV_USA_2022_AZ0001|USA|2022-06,163468,G->A,GA
Node2,OP169338|MpxV/human/USA/UW-WA-0044/2022|USA|2022-07,62664,G->A,GA
Node2,OP169338|MpxV/human/USA/UW-WA-0044/2022|USA|2022-07,118710,G->A,GA
Node2,OP169338|MpxV/human/USA/UW-WA-0044/2022|USA|2022-07,164272,C->T,TC
Node2,OP169338|MpxV/human/USA/UW-WA-0044/2022|USA|2022-07,164635,G->A,GA
Node2,Node411,133867,C->T,TC
Node411,OP169340|MpxV/human/USA/UW-WA-0046/2022|USA|2022-07,94097,C->T,TC
Node411,OP169340|MpxV/human/USA/UW-WA-0046/2022|USA|2022-07,144330,C->T,TC
Node2,OP169343|MpxV/human/USA/UW-WA-0050/2022|USA|2022-07,38095,C->T,TC
Node2,OP169343|MpxV/human/USA/UW-WA-0050/2022|USA|2022-07,64467,C->T,TC
Node2,OP171922|MPXV22/human/USA-NE-44|USA|2022-07-14,172259,C->T,TC
Node2,OX261749|RNA|Slovakia|2022-07-20,64522,G->A,GA
Node2,OP160532|hMpxV/Netherlands/NH-AUMC-0001/2022|Netherlands|2022-06,148207,A->T,
Node2,Node566,145659,G->A,GC
Node2,OP144217|MPXV/ITM_pt_09/Belgium/2-Jun-2022|Belgium|2022-06-02,188381,C->T,TC
Node2,Node435,70190,G->A,GA
Node2,Node435,83568,G->A,GC
Node2,Node496,188252,C->T,TC
Node496,OP133004|hMPXV/Austria/MUW1533374/2022|Austria|2022-07-11,322,A->G,
Node496,OP133004|hMPXV/Austria/MUW1533374/2022|Austria|2022-07-11,450,T->C,
Node2,OP133006|hMPXV/Austria/MUW1532243/2022|Austria|2022-07-06,122511,C->T,TC
Node2,OP133006|hMPXV/Austria/MUW1532243/2022|Austria|2022-07-06,151801,G->A,GA
Node2,OP133006|hMPXV/Austria/MUW1532243/2022|Austria|2022-07-06,153984,C->T,TC
Node2,OP133006|hMPXV/Austria/MUW1532243/2022|Austria|2022-07-06,169886,G->A,GA
Node2,OP133007|hMPXV/Austria/MUW1536480/2022|Austria|2022-07-22,32715,G->A,GA
Node2,OP133007|hMPXV/Austria/MUW1536480/2022|Austria|2022-07-22,110407,G->A,GA
Node2,OP133007|hMPXV/Austria/MUW1536480/2022|Austria|2022-07-22,173189,A->G,
Node2,OP123040|MpxV/human/USA/UW-WA-0026/2022|USA|2022-07,134814,C->T,TC
Node2,OP123040|MpxV/human/USA/UW-WA-0026/2022|USA|2022-07,151411,C->T,TC
Node2,OP123047|MpxV/human/USA/UW-WA-0033/2022|USA|2022-07,58506,G->A,GA
Node2,OP062230|MpxV/human/CAN/UN-NML-3864/2022|Canada|2022-06-22,57790,C->T,TC
Node2,Node595,75169,G->A,GA
Node2,OP062234|MpxV/human/CAN/UN-NML-3921/2022|Canada|2022-06-29,61445,G->A,GA
Node2,OP062234|MpxV/human/CAN/UN-NML-3921/2022|Canada|2022-06-29,124213,C->T,TC
Node2,OP062234|MpxV/human/CAN/UN-NML-3921/2022|Canada|2022-06-29,159243,G->A,GA
Node2,Node412,14611,G->A,GA
Node412,Node413,49892,C->T,AC
Node412,Node413,52752,G->A,GA
Node413,OP013001|MpxV/human/CAN/UN-NML-2831/2022|Canada|2022-05-14,177009,G->A,GA
Node413,Node418,19894,C->T,TC
Node413,Node418,41219,C->T,TC
Node413,Node418,89344,C->T,TC
Node418,OP013005|MpxV/human/CAN/UN-NML-3519/2022|Canada|2022-06-06,814,C->T,TC
Node2,Node454,40275,C->T,TC
Node2,Node511,75264,C->T,GC
Node511,ON880536|MpxV/human/CAN/UN-NML-3272/2022|Canada|2022-05-31,61013,C->T,TC
Node2,OP013015|MpxV/human/CAN/UN-NML-3674/2022|Canada|2022-06-13,32469,A->G,
Node2,OP018595|MPXV/Germany/2022/RKI170|Germany|2022-07,111574,G->A,GA
Node2,OP018595|MPXV/Germany/2022/RKI170|Germany|2022-07,124902,C->T,TC
Node2,OP018601|MPXV/Germany/2022/RKI176|Germany|2022-07,134453,C->T,TC
Node2,OP018601|MPXV/Germany/2022/RKI176|Germany|2022-07,135102,C->T,GC
Node2,OP018601|MPXV/Germany/2022/RKI176|Germany|2022-07,179023,G->A,GA
Node2,OP019275|hMPXV/Austria/MUW1525179/2022|Austria|2022-06-10,107070,A->C,
Node2,OP019275|hMPXV/Austria/MUW1525179/2022|Austria|2022-06-10,144546,C->T,TC
Node2,OP019275|hMPXV/Austria/MUW1525179/2022|Austria|2022-06-10,190319,G->A,GA
Node2,ON959134|MPXV_USA_2022_NY003|USA|2022-05,98368,C->T,TC
Node2,ON959155|MPXV/Germany/2022/RKI138|Germany|2022-07,73835,C->A,
Node2,ON959158|MPXV/Germany/2022/RKI143|Germany|2022-07,106729,G->A,GA
Node2,ON959162|MPXV/Germany/2022/RKI148|Germany|2022-07,139397,G->A,GT
Node2,ON959162|MPXV/Germany/2022/RKI148|Germany|2022-07,153679,A->T,
Node2,Node543,30283,C->T,TC
Node2,Node543,153873,G->A,GA
Node2,Node543,165782,C->T,TC
Node2,ON959165|MPXV/Germany/2022/RKI151|Germany|2022-07,152274,A->G,
Node2,ON959174|MPXV/Germany/2022/RKI161|Germany|2022-07,143059,G->A,GA
Node2,ON959174|MPXV/Germany/2022/RKI161|Germany|2022-07,180523,G->A,GA
Node2,ON929065|MPXV/Germany/2022/RKI107|Germany|2022-07,15437,G->A,GA
Node2,ON929078|MPXV/Germany/2022/RKI123|Germany|2022-07,10648,G->A,GA
Node2,ON929078|MPXV/Germany/2022/RKI123|Germany|2022-07,28818,C->T,TC
Node2,ON929078|MPXV/Germany/2022/RKI123|Germany|2022-07,29641,G->A,GA
Node2,ON929078|MPXV/Germany/2022/RKI123|Germany|2022-07,171207,G->A,GC
Node2,ON929081|MPXV/Germany/2022/RKI126|Germany|2022-07,91746,G->A,GT
Node2,ON929083|MPXV/Germany/2022/RKI128|Germany|2022-07,184189,C->A,
Node2,ON929086|MPXV/Germany/2022/RKI131|Germany|2022-07,3064,G->A,GA
Node2,ON880518|MpxV/human/CAN/UN-NML-3486/2022|Canada|2022-06-08,134052,C->T,TC
Node2,ON880518|MpxV/human/CAN/UN-NML-3486/2022|Canada|2022-06-08,141458,C->T,TC
Node2,ON880518|MpxV/human/CAN/UN-NML-3486/2022|Canada|2022-06-08,179416,G->A,GA
Node2,ON880520|MpxV/human/CAN/UN-NML-2857/2022|Canada|2022-05-19,144199,C->T,TC
Node2,ON880535|MpxV/human/CAN/UN-NML-3269/2022|Canada|2022-05-31,158797,G->A,GA
Node2,ON880535|MpxV/human/CAN/UN-NML-3269/2022|Canada|2022-05-31,174321,C->T,TC
Node2,ON880537|MpxV/human/CAN/UN-NML-3273/2022|Canada|2022-05-31,127215,C->T,TC
Node2,ON880541|MpxV/human/CAN/UN-NML-3344/2022|Canada|2022-06-01,170698,G->A,GA
Node2,ON880543|MpxV/human/CAN/UN-NML-3357/2022|Canada|2022-06-02,17810,C->T,TC
Node2,ON880543|MpxV/human/CAN/UN-NML-3357/2022|Canada|2022-06-02,62130,G->A,GA
Node2,ON880543|MpxV/human/CAN/UN-NML-3357/2022|Canada|2022-06-02,157792,C->T,TC
Node2,ON872184|WA-2022|Ireland|2022-05-30,48785,T->C,
Node2,ON872184|WA-2022|Ireland|2022-05-30,49636,G->A,GA
Node2,ON872184|WA-2022|Ireland|2022-05-30,50017,C->T,AC
Node2,ON872184|WA-2022|Ireland|2022-05-30,72809,T->C,
Node2,ON872184|WA-2022|Ireland|2022-05-30,178541,G->A,GC
Node2,ON853666|MPXV/Germany/2022/RKI084|Germany|2022-06,45108,C->T,TC
Node2,ON853671|MPXV/Germany/2022/RKI091|Germany|2022-06,166391,G->A,GA
Node2,Node694,18933,G->A,GA
Node2,ON838939|8887|Spain|2022-06-06,90838,G->A,GA
Node2,ON838939|8887|Spain|2022-06-06,94328,G->A,GA
Node2,ON843163|Monkeypox/PT0048/2022|Portugal|2022-05-13,120638,C->T,TC
Node2,ON843166|Monkeypox/PT0038/2022|Portugal|2022-05-24,16125,C->T,TC
Node2,ON843166|Monkeypox/PT0038/2022|Portugal|2022-05-24,93828,G->A,GA
Node2,ON843168|Monkeypox/PT0032/2022|Portugal|2022-05-26,10484,C->T,TC
Node2,ON843168|Monkeypox/PT0032/2022|Portugal|2022-05-26,138426,C->T,TC
Node2,ON843168|Monkeypox/PT0032/2022|Portugal|2022-05-26,138956,C->T,TC
Node2,ON843173|Monkeypox/PT0029/2022|Portugal|2022-05-27,49821,G->A,GA
Node2,ON843174|Monkeypox/PT0046/2022|Portugal|2022-05-30,45851,G->A,GC
Node2,ON843174|Monkeypox/PT0046/2022|Portugal|2022-05-30,136299,C->T,TC
Node2,ON843182|Monkeypox/PT0044/2022|Portugal|2022-05-30,142942,G->A,GA
Node2,ON803418|MpxV/human/CAN/UN-NML-2837/2022|Canada|2022-05-18,2242,G->A,GG
Node2,ON803418|MpxV/human/CAN/UN-NML-2837/2022|Canada|2022-05-18,86004,G->A,GA
Node2,Node532,183604,C->T,TC
Node2,ON803435|MpxV/human/CAN/UN-NML-2893/2022|Canada|2022-05-20,24731,C->T,TC
Node2,ON803435|MpxV/human/CAN/UN-NML-2893/2022|Canada|2022-05-20,152384,T->A,
Node2,ON803435|MpxV/human/CAN/UN-NML-2893/2022|Canada|2022-05-20,153104,C->T,TC
Node2,ON803443|MpxV/human/CAN/UN-NML-2975/2022|Canada|2022-05-16,23766,C->T,CC
Node2,ON803444|MpxV/human/CAN/UN-NML-2969/2022|Canada|2022-05-24,21069,G->A,GA
Node2,ON808416|CVR_MPXV1d|United_Kingdom|2022-05-15,20576,G->A,GA
Node2,ON755234|MPXV/Germany/2022/RKI028|Germany|2022-06,63147,G->A,GA
Node2,ON755241|MPXV/Germany/2022/RKI035|Germany|2022-06,24824,C->T,TC
Node2,ON755247|MPXV/Germany/2022/RKI041|Germany|2022-06,29990,C->T,AC
Node2,ON755247|MPXV/Germany/2022/RKI041|Germany|2022-06,187418,G->A,GA
Node2,ON755247|MPXV/Germany/2022/RKI041|Germany|2022-06,187567,G->A,GA
Node2,ON745225|MpxV/Spain/MD-HGUGM-66649483/2022|Spain|2022-05-27,50151,G->A,GA
Node2,ON736420|MPX/2022/Canada/AB1|Canada|2022-05-31,119735,T->C,
Node2,ON694335|MPXV/Germany/2022/RKI018|Germany|2022-05,149818,G->A,GA
Node2,ON694335|MPXV/Germany/2022/RKI018|Germany|2022-05,151362,G->A,GA
Node2,ON694341|MPXV/Germany/2022/RKI012|Germany|2022-05,168174,G->A,GA
Node2,Node615,4454,G->A,GA
Node2,ON676704|MPXV_USA_2022_FL002|USA|2022-05,127628,C->T,TC
Node2,ON676704|MPXV_USA_2022_FL002|USA|2022-05,133864,C->T,TC
Node2,ON676705|MPXV_USA_2022_UT001|USA|2022-05,28330,G->A,GA
Node2,ON645312|MPXV_GSTT_Patient1|United_Kingdom|2022-05-11,169796,A->T,
Node2,ON649715|Monkeypox/PT0017/2022|Portugal|2022-05-20,85079,G->A,GT
Node2,ON649716|Monkeypox/PT0016/2022|Portugal|2022-05-23,162826,C->T,TC
Node2,ON649717|Monkeypox/PT0019/2022|Portugal|2022-05-21,118296,C->T,TC
Node2,ON631963|MPxV/VIDRL01/2022|Australia|2022-05,21128,C->T,TC
Node2,ON619836|MPXV_UK_2022_2|United_Kingdom|2022-05,7259,C->T,TC
Node2,ON619836|MPXV_UK_2022_2|United_Kingdom|2022-05,33832,C->T,TC
Node2,ON619838|MPXV_UK_2022_4|United_Kingdom|2022-05,147011,C->T,TC
Node2,ON619838|MPXV_UK_2022_4|United_Kingdom|2022-05,172095,G->A,GA
Node2,ON622712|MPX/UZ_REGA_1/Belgium/2022|Belgium|2022-05-19,46125,C->T,TC
Node2,ON622713|MPX/UZ_REGA_2/Belgium/2022|Belgium|2022-05-22,4629,C->T,TC
Node2,ON615424|MPXV_2022_NL001|Netherlands|2022-05,155611,G->A,GA
Node2,ON615424|MPXV_2022_NL001|Netherlands|2022-05,171003,G->A,GA
Node2,ON585033|Monkeypox/PT0006/2022|Portugal|2022-05-15,55075,C->T,TC
Node2,ON585036|Monkeypox/PT0010/2022|Portugal|2022-05-15,127220,C->T,TC
Node2,ON585036|Monkeypox/PT0010/2022|Portugal|2022-05-15,144527,C->T,TC
Node1,ON676708,79348,C->T,TC
Node1,ON676708,86979,C->T,GC
Node1,ON676708,133714,C->T,TC
